[{"folder":{"id":"66ab8f57-03d8-49b5-81c4-e07cac8696b0"},"id":"0052b830-85aa-459e-8fce-955e4c6e2b7a","file_name":"pexels-startup-stock-photos-7103.jpg","title":null,"size":899965,"type":"image/jpeg","url":"https://assets-us-01.kc-usercontent.com/30151ff3-f65b-003e-5e7a-4fa6460c47b4/7e768b41-8c54-47ce-b98b-12a5d68fb5f8/pexels-startup-stock-photos-7103.jpg","image_width":4604,"image_height":2722,"file_reference":{"id":"7e768b41-8c54-47ce-b98b-12a5d68fb5f8","type":"internal"},"descriptions":[{"language":{"id":"00000000-0000-0000-0000-000000000000"},"description":null}],"last_modified":"2021-03-08T12:08:08.7070856Z"},{"folder":{"id":"513a747b-1306-4ac5-b5ba-cb4740fcc757"},"id":"0652b6f7-ff45-469b-9dd2-a764d0634a79","file_name":"pexels-gratisography-2882.jpg","title":null,"size":2310844,"type":"image/jpeg","url":"https://assets-us-01.kc-usercontent.com/30151ff3-f65b-003e-5e7a-4fa6460c47b4/346c9ccc-efc8-4de1-9278-36160dc77e2a/pexels-gratisography-2882.jpg","image_width":5472,"image_height":3648,"file_reference":{"id":"346c9ccc-efc8-4de1-9278-36160dc77e2a","type":"internal"},"descriptions":[{"language":{"id":"00000000-0000-0000-0000-000000000000"},"description":null}],"last_modified":"2021-03-08T12:15:11.1942257Z"},{"folder":{"id":"513a747b-1306-4ac5-b5ba-cb4740fcc757"},"id":"0e33d00c-5629-4df0-9d5f-743f1fd4289c","file_name":"laptop.svg","title":null,"size":2704,"type":"image/svg+xml","url":"https://assets-us-01.kc-usercontent.com/30151ff3-f65b-003e-5e7a-4fa6460c47b4/e34ea57d-7dd2-4a50-a0a7-bd2a4d8b54a2/laptop.svg","image_width":null,"image_height":null,"file_reference":{"id":"e34ea57d-7dd2-4a50-a0a7-bd2a4d8b54a2","type":"internal"},"descriptions":[{"language":{"id":"00000000-0000-0000-0000-000000000000"},"description":null}],"last_modified":"2021-02-19T13:45:44.0281988Z"},{"folder":{"id":"75dc68ab-0cb0-4920-96ed-fff6c20a3abb"},"id":"11894238-ac1d-4e62-b616-ed85a0d4179f","file_name":"kk-logo-hor-color-neg-sz-rgb.png","title":null,"size":10896,"type":"image/png","url":"https://assets-us-01.kc-usercontent.com/30151ff3-f65b-003e-5e7a-4fa6460c47b4/b33418bf-06c6-4a66-853a-f8999857205a/kk-logo-hor-color-neg-sz-rgb.png","image_width":1200,"image_height":520,"file_reference":{"id":"b33418bf-06c6-4a66-853a-f8999857205a","type":"internal"},"descriptions":[{"language":{"id":"00000000-0000-0000-0000-000000000000"},"description":null}],"last_modified":"2021-02-19T11:42:13.6440401Z"},{"id":"1648d67b-ed8f-45db-ad78-302a9bb8e213","file_name":"pexels-fauxels-3184339.jpg","title":null,"size":2343025,"type":"image/jpeg","url":"https://assets-us-01.kc-usercontent.com/30151ff3-f65b-003e-5e7a-4fa6460c47b4/5d049a4e-c364-4977-bd43-4490b672e473/pexels-fauxels-3184339.jpg","image_width":6000,"image_height":4000,"file_reference":{"id":"5d049a4e-c364-4977-bd43-4490b672e473","type":"internal"},"descriptions":[{"language":{"id":"00000000-0000-0000-0000-000000000000"},"description":null}],"last_modified":"2021-03-08T11:38:58.7540666Z"},{"folder":{"id":"c1e21cd3-ddad-4f8f-9184-caf85046bad7"},"id":"191d0f6f-c01c-4912-af29-76a5d01b61a2","file_name":"pexels-godisable-jacob-718978.jpg","title":null,"size":2898744,"type":"image/jpeg","url":"https://assets-us-01.kc-usercontent.com/30151ff3-f65b-003e-5e7a-4fa6460c47b4/2679dd55-f032-4455-9d37-425f2c0fce51/pexels-godisable-jacob-718978.jpg","image_width":3648,"image_height":5472,"file_reference":{"id":"2679dd55-f032-4455-9d37-425f2c0fce51","type":"internal"},"descriptions":[{"language":{"id":"00000000-0000-0000-0000-000000000000"},"description":null}],"last_modified":"2021-03-08T12:08:20.0089763Z"},{"folder":{"id":"66ab8f57-03d8-49b5-81c4-e07cac8696b0"},"id":"1b0cfc8c-a9e4-4c74-9578-105ae6c4c63d","file_name":"pexels-pixabay-461049.jpg","title":null,"size":3852453,"type":"image/jpeg","url":"https://assets-us-01.kc-usercontent.com/30151ff3-f65b-003e-5e7a-4fa6460c47b4/57d82e20-4a88-4e7b-bb95-8bba320a9332/pexels-pixabay-461049.jpg","image_width":4643,"image_height":3761,"file_reference":{"id":"57d82e20-4a88-4e7b-bb95-8bba320a9332","type":"internal"},"descriptions":[{"language":{"id":"00000000-0000-0000-0000-000000000000"},"description":null}],"last_modified":"2021-03-08T12:08:08.3008063Z"},{"folder":{"id":"513a747b-1306-4ac5-b5ba-cb4740fcc757"},"id":"1decec65-f98e-4317-81ef-804c9be13ecd","file_name":"pexels-skitterphoto-1019470.jpg","title":null,"size":1189581,"type":"image/jpeg","url":"https://assets-us-01.kc-usercontent.com/30151ff3-f65b-003e-5e7a-4fa6460c47b4/d27254c4-ecf2-4008-aa24-6e2ef9cba7d2/pexels-skitterphoto-1019470.jpg","image_width":4110,"image_height":2789,"file_reference":{"id":"d27254c4-ecf2-4008-aa24-6e2ef9cba7d2","type":"internal"},"descriptions":[{"language":{"id":"00000000-0000-0000-0000-000000000000"},"description":null}],"last_modified":"2021-03-08T12:06:00.5712572Z"},{"folder":{"id":"66ab8f57-03d8-49b5-81c4-e07cac8696b0"},"id":"2c5e34a9-9360-45e5-b154-98a64d3cb32a","file_name":"pexels-anna-shvets-5324973.jpg","title":null,"size":4094294,"type":"image/jpeg","url":"https://assets-us-01.kc-usercontent.com/30151ff3-f65b-003e-5e7a-4fa6460c47b4/1b3a7b4b-a04b-4564-9898-5fa755fdc752/pexels-anna-shvets-5324973.jpg","image_width":5445,"image_height":3630,"file_reference":{"id":"1b3a7b4b-a04b-4564-9898-5fa755fdc752","type":"internal"},"descriptions":[{"language":{"id":"00000000-0000-0000-0000-000000000000"},"description":null}],"last_modified":"2021-03-08T12:07:57.8320026Z"},{"folder":{"id":"66ab8f57-03d8-49b5-81c4-e07cac8696b0"},"id":"314e1392-9443-4b8b-b95b-756cd4553f7b","file_name":"shutterstock_48384775.jpg","title":null,"size":10157294,"type":"image/jpeg","url":"https://assets-us-01.kc-usercontent.com/30151ff3-f65b-003e-5e7a-4fa6460c47b4/5ffd3132-c550-4cc1-925c-8431d57158ab/shutterstock_48384775.jpg","image_width":3872,"image_height":2592,"file_reference":{"id":"5ffd3132-c550-4cc1-925c-8431d57158ab","type":"internal"},"descriptions":[{"language":{"id":"00000000-0000-0000-0000-000000000000"},"description":null}],"last_modified":"2021-03-03T18:41:33.2752909Z"},{"folder":{"id":"75dc68ab-0cb0-4920-96ed-fff6c20a3abb"},"id":"3eca6f18-dbd7-4a63-a73a-a99e94c341ab","file_name":"kk-logo-hor-color-neg-rgb.svg","title":null,"size":2099,"type":"image/svg+xml","url":"https://assets-us-01.kc-usercontent.com/30151ff3-f65b-003e-5e7a-4fa6460c47b4/67aee827-8c04-4020-b0ec-5605e5d47347/kk-logo-hor-color-neg-rgb.svg","image_width":null,"image_height":null,"file_reference":{"id":"67aee827-8c04-4020-b0ec-5605e5d47347","type":"internal"},"descriptions":[{"language":{"id":"00000000-0000-0000-0000-000000000000"},"description":null}],"last_modified":"2021-02-19T11:34:15.5045474Z"},{"folder":{"id":"75dc68ab-0cb0-4920-96ed-fff6c20a3abb"},"id":"402b5f2f-81a4-43a1-acca-f8ad039462bd","file_name":"favicon.svg","title":null,"size":3201,"type":"image/svg+xml","url":"https://assets-us-01.kc-usercontent.com/30151ff3-f65b-003e-5e7a-4fa6460c47b4/83d6c22f-32f1-41b8-8025-784b1232eb25/favicon.svg","image_width":null,"image_height":null,"file_reference":{"id":"83d6c22f-32f1-41b8-8025-784b1232eb25","type":"internal"},"descriptions":[{"language":{"id":"00000000-0000-0000-0000-000000000000"},"description":null}],"last_modified":"2021-03-08T13:04:02.0887237Z"},{"folder":{"id":"66ab8f57-03d8-49b5-81c4-e07cac8696b0"},"id":"433609be-3606-4249-b1c9-1a4830a5c667","file_name":"pexels-fauxels-3182747.jpg","title":null,"size":2074547,"type":"image/jpeg","url":"https://assets-us-01.kc-usercontent.com/30151ff3-f65b-003e-5e7a-4fa6460c47b4/c514589a-4d07-4f8b-8bb0-4fa0bc4676b9/pexels-fauxels-3182747.jpg","image_width":6000,"image_height":4000,"file_reference":{"id":"c514589a-4d07-4f8b-8bb0-4fa0bc4676b9","type":"internal"},"descriptions":[{"language":{"id":"00000000-0000-0000-0000-000000000000"},"description":null}],"last_modified":"2021-03-08T12:07:59.5820058Z"},{"folder":{"id":"513a747b-1306-4ac5-b5ba-cb4740fcc757"},"id":"4c6a8d28-bcd7-4954-ab4c-457ab786ac66","file_name":"pexels-lukas-590020.jpg","title":null,"size":2279702,"type":"image/jpeg","url":"https://assets-us-01.kc-usercontent.com/30151ff3-f65b-003e-5e7a-4fa6460c47b4/9560f458-d9a7-442b-b630-d2b8490855a4/pexels-lukas-590020.jpg","image_width":6144,"image_height":4069,"file_reference":{"id":"9560f458-d9a7-442b-b630-d2b8490855a4","type":"internal"},"descriptions":[{"language":{"id":"00000000-0000-0000-0000-000000000000"},"description":null}],"last_modified":"2021-03-08T12:25:22.6606398Z"},{"folder":{"id":"66ab8f57-03d8-49b5-81c4-e07cac8696b0"},"id":"50858aee-337b-4ba9-9b33-33c63cc9d06e","file_name":"pexels-pixabay-159519.jpg","title":null,"size":2401719,"type":"image/jpeg","url":"https://assets-us-01.kc-usercontent.com/30151ff3-f65b-003e-5e7a-4fa6460c47b4/0d9766e6-0830-44df-a1d8-8bde5211ff43/pexels-pixabay-159519.jpg","image_width":6017,"image_height":4003,"file_reference":{"id":"0d9766e6-0830-44df-a1d8-8bde5211ff43","type":"internal"},"descriptions":[{"language":{"id":"00000000-0000-0000-0000-000000000000"},"description":null}],"last_modified":"2021-03-08T12:08:04.0039165Z"},{"folder":{"id":"72f14452-91ce-432a-b8a9-2974959f4322"},"id":"5157a8c7-070c-4fed-9112-def074b07fb7","file_name":"kk-card-image-img - deep dive edited.png","title":null,"size":28113,"type":"image/png","url":"https://assets-us-01.kc-usercontent.com/30151ff3-f65b-003e-5e7a-4fa6460c47b4/35b7378d-e571-4b4c-9797-05d89074e39a/kk-card-image-img%20-%20deep%20dive%20edited.png","image_width":517,"image_height":323,"file_reference":{"id":"35b7378d-e571-4b4c-9797-05d89074e39a","type":"internal"},"descriptions":[{"language":{"id":"00000000-0000-0000-0000-000000000000"},"description":null}],"last_modified":"2021-02-19T12:19:28.6716453Z"},{"folder":{"id":"66ab8f57-03d8-49b5-81c4-e07cac8696b0"},"id":"66776542-d931-4e27-a536-f1d9732a77f5","file_name":"pexels-pixabay-262488.jpg","title":null,"size":946631,"type":"image/jpeg","url":"https://assets-us-01.kc-usercontent.com/30151ff3-f65b-003e-5e7a-4fa6460c47b4/73f2ce0b-312e-4ce9-b0ad-174f7dd50c33/pexels-pixabay-262488.jpg","image_width":3648,"image_height":2736,"file_reference":{"id":"73f2ce0b-312e-4ce9-b0ad-174f7dd50c33","type":"internal"},"descriptions":[{"language":{"id":"00000000-0000-0000-0000-000000000000"},"description":null}],"last_modified":"2021-03-08T12:08:04.7227019Z"},{"folder":{"id":"75dc68ab-0cb0-4920-96ed-fff6c20a3abb"},"id":"66e377b4-6165-499e-a2b7-f69ec750cfa3","file_name":"kk-logo-hor-color-pos-rgb.svg","title":null,"size":1982,"type":"image/svg+xml","url":"https://assets-us-01.kc-usercontent.com/30151ff3-f65b-003e-5e7a-4fa6460c47b4/2b20be2b-6738-4c46-a728-16dcebd7126b/kk-logo-hor-color-pos-rgb.svg","image_width":null,"image_height":null,"file_reference":{"id":"2b20be2b-6738-4c46-a728-16dcebd7126b","type":"internal"},"descriptions":[{"language":{"id":"00000000-0000-0000-0000-000000000000"},"description":null}],"last_modified":"2021-02-19T11:34:15.4268467Z"},{"folder":{"id":"72f14452-91ce-432a-b8a9-2974959f4322"},"id":"68b34718-a552-4c24-b068-6fc3405d14c3","file_name":"5f65c4c9-6006-471c-a8b9-a2071915254c_how-is-caas-diff---illustration@4x-edited.png","title":null,"size":98467,"type":"image/png","url":"https://assets-us-01.kc-usercontent.com/30151ff3-f65b-003e-5e7a-4fa6460c47b4/2948b42a-4b1a-42f8-b6bd-3b13d16123b0/5f65c4c9-6006-471c-a8b9-a2071915254c_how-is-caas-diff---illustration%404x-edited.png","image_width":1601,"image_height":1041,"file_reference":{"id":"2948b42a-4b1a-42f8-b6bd-3b13d16123b0","type":"internal"},"descriptions":[{"language":{"id":"00000000-0000-0000-0000-000000000000"},"description":null}],"last_modified":"2021-02-19T12:23:02.9406069Z"},{"folder":{"id":"72f14452-91ce-432a-b8a9-2974959f4322"},"id":"6cc3c332-0eda-4089-ab2a-f850177c76f4","file_name":"pexels-anna-tarazevich-5697255.jpg","title":null,"size":425373,"type":"image/jpeg","url":"https://assets-us-01.kc-usercontent.com/30151ff3-f65b-003e-5e7a-4fa6460c47b4/4795fb46-710f-45a1-bcad-18ce22e45988/pexels-anna-tarazevich-5697255.jpg","image_width":3500,"image_height":2333,"file_reference":{"id":"4795fb46-710f-45a1-bcad-18ce22e45988","type":"internal"},"descriptions":[{"language":{"id":"00000000-0000-0000-0000-000000000000"},"description":null}],"last_modified":"2021-03-08T12:06:29.2419027Z"},{"folder":{"id":"c1e21cd3-ddad-4f8f-9184-caf85046bad7"},"id":"7046e916-cd2d-46ff-a6af-6740ada01cf6","file_name":"pexels-simon-robben-614810.jpg","title":null,"size":1907365,"type":"image/jpeg","url":"https://assets-us-01.kc-usercontent.com/30151ff3-f65b-003e-5e7a-4fa6460c47b4/0a2f7770-2a0b-4111-842d-225a3f77d9bd/pexels-simon-robben-614810.jpg","image_width":4684,"image_height":4000,"file_reference":{"id":"0a2f7770-2a0b-4111-842d-225a3f77d9bd","type":"internal"},"descriptions":[{"language":{"id":"00000000-0000-0000-0000-000000000000"},"description":null}],"last_modified":"2021-03-08T12:08:23.399599Z"},{"folder":{"id":"66ab8f57-03d8-49b5-81c4-e07cac8696b0"},"id":"7df83ddc-561a-4b58-9d42-0679f7f9be56","file_name":"shutterstock_241510420.jpg","title":null,"size":5658031,"type":"image/jpeg","url":"https://assets-us-01.kc-usercontent.com/30151ff3-f65b-003e-5e7a-4fa6460c47b4/776013fb-d96f-420d-9e4f-880b0af16963/shutterstock_241510420.jpg","image_width":3192,"image_height":2124,"file_reference":{"id":"776013fb-d96f-420d-9e4f-880b0af16963","type":"internal"},"descriptions":[{"language":{"id":"00000000-0000-0000-0000-000000000000"},"description":null}],"last_modified":"2021-03-03T18:41:21.2271932Z"},{"folder":{"id":"c1e21cd3-ddad-4f8f-9184-caf85046bad7"},"id":"829fce7f-f0e6-4547-971a-b4457ad0ecbd","file_name":"pexels-pixabay-415829.jpg","title":null,"size":2392307,"type":"image/jpeg","url":"https://assets-us-01.kc-usercontent.com/30151ff3-f65b-003e-5e7a-4fa6460c47b4/0a423433-81c1-4729-8afa-c37b8953e938/pexels-pixabay-415829.jpg","image_width":5760,"image_height":5075,"file_reference":{"id":"0a423433-81c1-4729-8afa-c37b8953e938","type":"internal"},"descriptions":[{"language":{"id":"00000000-0000-0000-0000-000000000000"},"description":null}],"last_modified":"2021-03-08T12:08:22.0558244Z"},{"id":"83bdea11-e730-4d13-8dd0-6cc5f5cb0463","file_name":"pexels-pixabay-159293.jpg","title":null,"size":1026011,"type":"image/jpeg","url":"https://assets-us-01.kc-usercontent.com/30151ff3-f65b-003e-5e7a-4fa6460c47b4/529da865-cfb0-425a-a5f8-b6c361c47de9/pexels-pixabay-159293.jpg","image_width":3008,"image_height":2000,"file_reference":{"id":"529da865-cfb0-425a-a5f8-b6c361c47de9","type":"internal"},"descriptions":[{"language":{"id":"00000000-0000-0000-0000-000000000000"},"description":null}],"last_modified":"2021-03-08T11:35:56.1014056Z"},{"folder":{"id":"75dc68ab-0cb0-4920-96ed-fff6c20a3abb"},"id":"90763bda-1ad3-4577-9ce8-36bd6aadc810","file_name":"kk-logo-hor-color-pos-sz-rgb.svg","title":null,"size":2074,"type":"image/svg+xml","url":"https://assets-us-01.kc-usercontent.com/30151ff3-f65b-003e-5e7a-4fa6460c47b4/5af1a14b-1e9b-4f18-8d43-ba114ca95ec0/kk-logo-hor-color-pos-sz-rgb.svg","image_width":null,"image_height":null,"file_reference":{"id":"5af1a14b-1e9b-4f18-8d43-ba114ca95ec0","type":"internal"},"descriptions":[{"language":{"id":"00000000-0000-0000-0000-000000000000"},"description":null}],"last_modified":"2021-02-19T11:42:13.5659061Z"},{"folder":{"id":"c1e21cd3-ddad-4f8f-9184-caf85046bad7"},"id":"9880a22f-828b-44c9-b8b9-5c6efbcc0ac4","file_name":"pexels-creation-hill-1681010.jpg","title":null,"size":3635985,"type":"image/jpeg","url":"https://assets-us-01.kc-usercontent.com/30151ff3-f65b-003e-5e7a-4fa6460c47b4/273efda9-fbd0-4ec7-a12f-22b01b0cbeea/pexels-creation-hill-1681010.jpg","image_width":3456,"image_height":5184,"file_reference":{"id":"273efda9-fbd0-4ec7-a12f-22b01b0cbeea","type":"internal"},"descriptions":[{"language":{"id":"00000000-0000-0000-0000-000000000000"},"description":null}],"last_modified":"2021-03-08T12:10:54.4098277Z"},{"folder":{"id":"75dc68ab-0cb0-4920-96ed-fff6c20a3abb"},"id":"b02ffb22-7ec4-4ae4-8fe0-24a053d65886","file_name":"kk-logo-short-color-pos-rgb-500px.svg","title":null,"size":657,"type":"image/svg+xml","url":"https://assets-us-01.kc-usercontent.com/30151ff3-f65b-003e-5e7a-4fa6460c47b4/4c961db4-da1f-4e2d-afe8-c41e2a0a7ab5/kk-logo-short-color-pos-rgb-500px.svg","image_width":null,"image_height":null,"file_reference":{"id":"4c961db4-da1f-4e2d-afe8-c41e2a0a7ab5","type":"internal"},"descriptions":[{"language":{"id":"00000000-0000-0000-0000-000000000000"},"description":null}],"last_modified":"2021-02-19T10:49:25.5174452Z"},{"folder":{"id":"513a747b-1306-4ac5-b5ba-cb4740fcc757"},"id":"b11982b7-ffb5-4b06-ba22-c8eef1c5fe76","file_name":"pexels-pixabay-161872.jpg","title":null,"size":2085858,"type":"image/jpeg","url":"https://assets-us-01.kc-usercontent.com/30151ff3-f65b-003e-5e7a-4fa6460c47b4/626fbb36-3bc5-4181-a827-1761212d7fe3/pexels-pixabay-161872.jpg","image_width":4608,"image_height":3072,"file_reference":{"id":"626fbb36-3bc5-4181-a827-1761212d7fe3","type":"internal"},"descriptions":[{"language":{"id":"00000000-0000-0000-0000-000000000000"},"description":null}],"last_modified":"2021-03-08T12:05:58.9931189Z"},{"folder":{"id":"66ab8f57-03d8-49b5-81c4-e07cac8696b0"},"id":"b7abde96-8465-42bc-8948-2cce636cdd90","file_name":"shutterstock_70000546.jpg","title":null,"size":446654,"type":"image/jpeg","url":"https://assets-us-01.kc-usercontent.com/30151ff3-f65b-003e-5e7a-4fa6460c47b4/b7a4b6fd-3363-4099-9e8a-563856aa993f/shutterstock_70000546.jpg","image_width":1000,"image_height":772,"file_reference":{"id":"b7a4b6fd-3363-4099-9e8a-563856aa993f","type":"internal"},"descriptions":[{"language":{"id":"00000000-0000-0000-0000-000000000000"},"description":null}],"last_modified":"2021-03-03T18:41:21.4615716Z"},{"folder":{"id":"66ab8f57-03d8-49b5-81c4-e07cac8696b0"},"id":"bc01fa87-fd70-47b0-bf69-3f469ff35800","file_name":"pexels-marily-torres-776615.jpg","title":null,"size":2725657,"type":"image/jpeg","url":"https://assets-us-01.kc-usercontent.com/30151ff3-f65b-003e-5e7a-4fa6460c47b4/3a7ddd49-8390-4c37-8474-dcec0ed20ac3/pexels-marily-torres-776615.jpg","image_width":5905,"image_height":3937,"file_reference":{"id":"3a7ddd49-8390-4c37-8474-dcec0ed20ac3","type":"internal"},"descriptions":[{"language":{"id":"00000000-0000-0000-0000-000000000000"},"description":null}],"last_modified":"2021-03-08T12:08:02.1132719Z"},{"folder":{"id":"66ab8f57-03d8-49b5-81c4-e07cac8696b0"},"id":"bd31d664-c927-4ea2-b418-05cf972824a4","file_name":"pexels-gratisography-2882.jpg","title":null,"size":2310844,"type":"image/jpeg","url":"https://assets-us-01.kc-usercontent.com/30151ff3-f65b-003e-5e7a-4fa6460c47b4/1fa9d1a8-844b-4316-b6bc-e388faad42c6/pexels-gratisography-2882.jpg","image_width":5472,"image_height":3648,"file_reference":{"id":"1fa9d1a8-844b-4316-b6bc-e388faad42c6","type":"internal"},"descriptions":[{"language":{"id":"00000000-0000-0000-0000-000000000000"},"description":null}],"last_modified":"2021-03-10T15:10:56.9355468Z"},{"folder":{"id":"c1e21cd3-ddad-4f8f-9184-caf85046bad7"},"id":"c515ae2c-64c9-4dfc-8c1a-19bea9cc7c60","file_name":"pexels-andrea-piacquadio-774909.jpg","title":null,"size":2103136,"type":"image/jpeg","url":"https://assets-us-01.kc-usercontent.com/30151ff3-f65b-003e-5e7a-4fa6460c47b4/2168750e-d9da-43d3-b6b4-891a596b3043/pexels-andrea-piacquadio-774909.jpg","image_width":3840,"image_height":5760,"file_reference":{"id":"2168750e-d9da-43d3-b6b4-891a596b3043","type":"internal"},"descriptions":[{"language":{"id":"00000000-0000-0000-0000-000000000000"},"description":null}],"last_modified":"2021-03-08T12:08:17.4769934Z"},{"folder":{"id":"75dc68ab-0cb0-4920-96ed-fff6c20a3abb"},"id":"c78aa2d3-b513-4d4b-8f18-59f0e0d2a636","file_name":"logo.svg","title":null,"size":3833,"type":"image/svg+xml","url":"https://assets-us-01.kc-usercontent.com/30151ff3-f65b-003e-5e7a-4fa6460c47b4/391b0c1d-7f2c-447d-a91f-eaac786e166d/logo.svg","image_width":null,"image_height":null,"file_reference":{"id":"391b0c1d-7f2c-447d-a91f-eaac786e166d","type":"internal"},"descriptions":[{"language":{"id":"00000000-0000-0000-0000-000000000000"},"description":null}],"last_modified":"2021-03-08T13:01:34.7782936Z"},{"folder":{"id":"66ab8f57-03d8-49b5-81c4-e07cac8696b0"},"id":"cacdaa99-697d-4084-87c1-6173f9dcec14","file_name":"pexels-anna-shvets-3986999.jpg","title":null,"size":4236598,"type":"image/jpeg","url":"https://assets-us-01.kc-usercontent.com/30151ff3-f65b-003e-5e7a-4fa6460c47b4/253da5d6-d207-422c-856c-83d538ec2115/pexels-anna-shvets-3986999.jpg","image_width":6000,"image_height":4000,"file_reference":{"id":"253da5d6-d207-422c-856c-83d538ec2115","type":"internal"},"descriptions":[{"language":{"id":"00000000-0000-0000-0000-000000000000"},"description":null}],"last_modified":"2021-03-08T12:07:54.627792Z"},{"folder":{"id":"66ab8f57-03d8-49b5-81c4-e07cac8696b0"},"id":"d7f2943e-2389-439f-9e0c-f1c27b6331ac","file_name":"pexels-energepiccom-159888.jpg","title":null,"size":1089915,"type":"image/jpeg","url":"https://assets-us-01.kc-usercontent.com/30151ff3-f65b-003e-5e7a-4fa6460c47b4/baf0a9a7-5b9f-4142-b71f-1f6cd14a90d3/pexels-energepiccom-159888.jpg","image_width":4608,"image_height":3456,"file_reference":{"id":"baf0a9a7-5b9f-4142-b71f-1f6cd14a90d3","type":"internal"},"descriptions":[{"language":{"id":"00000000-0000-0000-0000-000000000000"},"description":null}],"last_modified":"2021-03-08T12:07:51.0495465Z"},{"folder":{"id":"513a747b-1306-4ac5-b5ba-cb4740fcc757"},"id":"def4744d-bcf8-40ca-a537-4ff938912384","file_name":"graphic_standing.svg","title":null,"size":22446,"type":"image/svg+xml","url":"https://assets-us-01.kc-usercontent.com/30151ff3-f65b-003e-5e7a-4fa6460c47b4/ea7242f2-babc-4ea4-860c-2fac8ddada07/graphic_standing.svg","image_width":null,"image_height":null,"file_reference":{"id":"ea7242f2-babc-4ea4-860c-2fac8ddada07","type":"internal"},"descriptions":[{"language":{"id":"00000000-0000-0000-0000-000000000000"},"description":null}],"last_modified":"2021-02-19T13:45:44.0438562Z"},{"folder":{"id":"c1e21cd3-ddad-4f8f-9184-caf85046bad7"},"id":"e02ad8fd-ae29-4a4b-9bd1-96287ef737bb","file_name":"radek[1].jpg","title":null,"size":139724,"type":"image/jpeg","url":"https://assets-us-01.kc-usercontent.com/30151ff3-f65b-003e-5e7a-4fa6460c47b4/7e562a53-67dc-45cd-8bd6-00326389ad06/radek%5B1%5D.jpg","image_width":1000,"image_height":1000,"file_reference":{"id":"7e562a53-67dc-45cd-8bd6-00326389ad06","type":"internal"},"descriptions":[{"language":{"id":"00000000-0000-0000-0000-000000000000"},"description":null}],"last_modified":"2021-03-03T18:14:52.7616286Z"},{"folder":{"id":"72f14452-91ce-432a-b8a9-2974959f4322"},"id":"e477f3ec-bd04-4daf-89bb-66e33e2e0ef2","file_name":"pexels-fauxels-3184339.jpg","title":null,"size":2343025,"type":"image/jpeg","url":"https://assets-us-01.kc-usercontent.com/30151ff3-f65b-003e-5e7a-4fa6460c47b4/32212623-9886-4799-a843-df36b46f4c17/pexels-fauxels-3184339.jpg","image_width":6000,"image_height":4000,"file_reference":{"id":"32212623-9886-4799-a843-df36b46f4c17","type":"internal"},"descriptions":[{"language":{"id":"00000000-0000-0000-0000-000000000000"},"description":null}],"last_modified":"2021-03-08T12:06:31.2106286Z"},{"folder":{"id":"66ab8f57-03d8-49b5-81c4-e07cac8696b0"},"id":"e6ab2253-8b07-43d7-ba1b-c431cb6c9d0b","file_name":"pexels-porapak-apichodilok-346885.jpg","title":null,"size":3268041,"type":"image/jpeg","url":"https://assets-us-01.kc-usercontent.com/30151ff3-f65b-003e-5e7a-4fa6460c47b4/9bdf8576-eacb-40db-b069-a2eb3f9282dd/pexels-porapak-apichodilok-346885.jpg","image_width":5184,"image_height":3456,"file_reference":{"id":"9bdf8576-eacb-40db-b069-a2eb3f9282dd","type":"internal"},"descriptions":[{"language":{"id":"00000000-0000-0000-0000-000000000000"},"description":null}],"last_modified":"2021-03-08T12:29:41.7847982Z"},{"folder":{"id":"513a747b-1306-4ac5-b5ba-cb4740fcc757"},"id":"e7d7f9df-b314-403e-9ab9-147264beb942","file_name":"pexels-iconcom-226569.jpg","title":null,"size":947778,"type":"image/jpeg","url":"https://assets-us-01.kc-usercontent.com/30151ff3-f65b-003e-5e7a-4fa6460c47b4/f6ba47b7-0d5b-4bdb-be97-160a89166ec4/pexels-iconcom-226569.jpg","image_width":3264,"image_height":2448,"file_reference":{"id":"f6ba47b7-0d5b-4bdb-be97-160a89166ec4","type":"internal"},"descriptions":[{"language":{"id":"00000000-0000-0000-0000-000000000000"},"description":null}],"last_modified":"2021-03-08T12:05:56.1962352Z"},{"folder":{"id":"66ab8f57-03d8-49b5-81c4-e07cac8696b0"},"id":"ee0ee457-98f1-416c-83d3-8fc6531f1a71","file_name":"pexels-the-coach-space-2977565.jpg","title":null,"size":3240061,"type":"image/jpeg","url":"https://assets-us-01.kc-usercontent.com/30151ff3-f65b-003e-5e7a-4fa6460c47b4/dec4972f-09ba-446f-9c61-fde52b04cc88/pexels-the-coach-space-2977565.jpg","image_width":5970,"image_height":3980,"file_reference":{"id":"dec4972f-09ba-446f-9c61-fde52b04cc88","type":"internal"},"descriptions":[{"language":{"id":"00000000-0000-0000-0000-000000000000"},"description":null}],"last_modified":"2021-03-08T12:08:11.4457392Z"},{"folder":{"id":"513a747b-1306-4ac5-b5ba-cb4740fcc757"},"id":"f7423b28-4e77-461d-ad61-bd0c0526763b","file_name":"pexels-pixabay-356043.jpg","title":null,"size":2350345,"type":"image/jpeg","url":"https://assets-us-01.kc-usercontent.com/30151ff3-f65b-003e-5e7a-4fa6460c47b4/25ab669b-f230-4ca9-a6d1-df101b5ede1f/pexels-pixabay-356043.jpg","image_width":4364,"image_height":2667,"file_reference":{"id":"25ab669b-f230-4ca9-a6d1-df101b5ede1f","type":"internal"},"descriptions":[{"language":{"id":"00000000-0000-0000-0000-000000000000"},"description":null}],"last_modified":"2021-03-08T12:05:59.8056046Z"}]