[{"id":"a964c3b5-1fc5-4cd6-b8c9-bae01a35cdb5","name":"Homepage","codename":"homepage","type":{"id":"ebe2998d-9002-4256-b437-8f164d94fd8d"},"collection":{"id":"00000000-0000-0000-0000-000000000000"},"sitemap_locations":[],"last_modified":"2021-02-08T18:04:20.1570625Z"},{"id":"e8757b1c-078f-45e9-8247-5005cd850b8c","name":"Twitter Left","codename":"twitter_left","type":{"id":"70ea94d5-fb69-40d2-be51-414f50bebd5f"},"collection":{"id":"00000000-0000-0000-0000-000000000000"},"sitemap_locations":[],"last_modified":"2021-02-08T18:05:55.1780944Z"},{"id":"a2ec9fce-0115-46e1-9b60-1f518c65b98e","name":"LinkedIn Left","codename":"linkedin_left","type":{"id":"70ea94d5-fb69-40d2-be51-414f50bebd5f"},"collection":{"id":"00000000-0000-0000-0000-000000000000"},"sitemap_locations":[],"last_modified":"2021-02-08T18:06:53.1201578Z"},{"id":"ce9d8659-203f-48fa-bb47-0537e1dfce53","name":"GitHub Right","codename":"github_right","type":{"id":"70ea94d5-fb69-40d2-be51-414f50bebd5f"},"collection":{"id":"00000000-0000-0000-0000-000000000000"},"sitemap_locations":[],"last_modified":"2021-02-08T18:07:48.7179959Z"},{"id":"b8eeb5fd-7dc7-4ab7-91c8-302639785ba5","name":"Subscribe Form","codename":"subscribe_form","type":{"id":"d1d5627b-15fa-4399-8d93-500e3ec18b39"},"collection":{"id":"00000000-0000-0000-0000-000000000000"},"sitemap_locations":[],"last_modified":"2021-02-08T18:16:48.9477872Z"},{"id":"2de1d103-748e-456f-b2f6-a70120b1d8e2","name":"Required Email Field","codename":"required_email_field","type":{"id":"fddf6f89-7646-4752-875c-4fefc8743824"},"collection":{"id":"00000000-0000-0000-0000-000000000000"},"sitemap_locations":[],"last_modified":"2021-02-08T18:19:34.4722759Z"},{"id":"aeda4a78-c25e-44a1-8765-9a82fd8e09cb","name":"About Us","codename":"about_us","type":{"id":"b9ade902-7204-4456-b337-6f2954f3fe5c"},"collection":{"id":"00000000-0000-0000-0000-000000000000"},"sitemap_locations":[],"last_modified":"2021-02-08T18:49:44.9706967Z"},{"id":"06dbf065-d0f9-43a0-aa50-672b7e295de1","name":"Contact","codename":"contact","type":{"id":"b46ddae3-b558-47e4-b290-c9d6a9714422"},"collection":{"id":"00000000-0000-0000-0000-000000000000"},"sitemap_locations":[],"last_modified":"2021-02-08T18:51:59.0841337Z"},{"id":"6f1134d9-998f-4da9-a47e-e98985af2a28","name":"Contact","codename":"contact_6f1134d","type":{"id":"701e740a-f58d-4372-87b5-49f6777ccf87"},"collection":{"id":"00000000-0000-0000-0000-000000000000"},"sitemap_locations":[],"last_modified":"2021-02-08T19:01:28.6687542Z"},{"id":"348f63c2-d0c9-4203-8b01-71dbd2b6a5ad","name":"Contact Form","codename":"contact_form","type":{"id":"d1d5627b-15fa-4399-8d93-500e3ec18b39"},"collection":{"id":"00000000-0000-0000-0000-000000000000"},"sitemap_locations":[],"last_modified":"2021-02-08T19:05:25.3257333Z"},{"id":"faec6a78-bb5f-4819-9af4-d3e05f8c8249","name":"Required Name Field","codename":"required_name_field","type":{"id":"fddf6f89-7646-4752-875c-4fefc8743824"},"collection":{"id":"00000000-0000-0000-0000-000000000000"},"sitemap_locations":[],"last_modified":"2021-02-08T19:11:46.7040043Z"},{"id":"159cedde-1aad-4962-befe-c8bc547059b8","name":"Subject","codename":"subject","type":{"id":"f9ae5e35-590f-4407-81cd-eb7e96524b3c"},"collection":{"id":"00000000-0000-0000-0000-000000000000"},"sitemap_locations":[],"last_modified":"2021-02-08T19:13:46.362684Z"},{"id":"287c70c2-f598-4cf6-b533-82c66188acdd","name":"Error on the site","codename":"error_on_the_site","type":{"id":"7cc8e1cf-4374-4b56-af71-7515725bc457"},"collection":{"id":"00000000-0000-0000-0000-000000000000"},"sitemap_locations":[],"last_modified":"2021-02-08T19:14:15.036271Z"},{"id":"06ec86ee-778a-4c3b-bd59-19150135f0af","name":"Sponsorship","codename":"sponsorship","type":{"id":"7cc8e1cf-4374-4b56-af71-7515725bc457"},"collection":{"id":"00000000-0000-0000-0000-000000000000"},"sitemap_locations":[],"last_modified":"2021-02-08T19:14:38.7628105Z"},{"id":"dac3f872-3550-4f9a-ba90-b0381d2af464","name":"Other","codename":"other","type":{"id":"7cc8e1cf-4374-4b56-af71-7515725bc457"},"collection":{"id":"00000000-0000-0000-0000-000000000000"},"sitemap_locations":[],"last_modified":"2021-02-08T19:14:52.6949596Z"},{"id":"51d14eb1-dcfe-4c16-aadc-312bb716ae22","name":"Message text area","codename":"message_text_area","type":{"id":"fddf6f89-7646-4752-875c-4fefc8743824"},"collection":{"id":"00000000-0000-0000-0000-000000000000"},"sitemap_locations":[],"last_modified":"2021-02-08T19:16:29.6179301Z"},{"id":"32df8e26-70db-4c97-b294-72e98283714d","name":"Consent Checkbox","codename":"consent_checkbox","type":{"id":"fddf6f89-7646-4752-875c-4fefc8743824"},"collection":{"id":"00000000-0000-0000-0000-000000000000"},"sitemap_locations":[],"last_modified":"2021-02-08T19:17:08.8902498Z"},{"id":"41168432-6d23-47a4-9635-de9c3aa9a28e","name":"Features","codename":"features","type":{"id":"b46ddae3-b558-47e4-b290-c9d6a9714422"},"collection":{"id":"00000000-0000-0000-0000-000000000000"},"sitemap_locations":[],"last_modified":"2021-02-08T19:18:22.2681693Z"},{"id":"9838b430-dd46-453f-aa76-d852bf6c9a59","name":"Free Trial Primary","codename":"free_trial_primary","type":{"id":"c2cb7564-a52d-4f76-b189-3fa40b62f7d6"},"collection":{"id":"00000000-0000-0000-0000-000000000000"},"sitemap_locations":[],"last_modified":"2021-02-08T19:42:39.2369294Z"},{"id":"f35d0b72-2b09-467c-9b64-cfabf079328c","name":"Request Demo","codename":"view_demo","type":{"id":"c2cb7564-a52d-4f76-b189-3fa40b62f7d6"},"collection":{"id":"00000000-0000-0000-0000-000000000000"},"sitemap_locations":[],"last_modified":"2021-03-03T16:47:43.8507465Z"},{"id":"9d2b05b9-fc3b-43ed-a3e0-8404c1139bd6","name":"Get started CTA","codename":"this_is_call_to_action_block_","type":{"id":"4b907c78-c4ce-46ea-95ca-20b00875ad6c"},"collection":{"id":"00000000-0000-0000-0000-000000000000"},"sitemap_locations":[],"last_modified":"2021-03-03T16:48:32.7119367Z"},{"id":"9994b289-4688-4bce-a917-153ac294cbf3","name":"Get Started - secondary","codename":"get_started","type":{"id":"c2cb7564-a52d-4f76-b189-3fa40b62f7d6"},"collection":{"id":"00000000-0000-0000-0000-000000000000"},"sitemap_locations":[],"last_modified":"2021-03-03T16:49:22.2711406Z"},{"id":"6879b93a-10fe-44b3-887b-506e2854ffee","name":"Pricing","codename":"pricing","type":{"id":"b46ddae3-b558-47e4-b290-c9d6a9714422"},"collection":{"id":"00000000-0000-0000-0000-000000000000"},"sitemap_locations":[],"last_modified":"2021-02-08T19:39:41.8465217Z"},{"id":"8ac8ea6b-c33c-40f9-bf4f-942b8ffb4995","name":"Pricing Plans","codename":"pricing_plans","type":{"id":"f497ed75-ec0b-410a-a301-35a77ca1f69b"},"collection":{"id":"00000000-0000-0000-0000-000000000000"},"sitemap_locations":[],"last_modified":"2021-02-08T19:40:24.8492123Z"},{"id":"3adff4ef-93d0-448f-b992-9d2ebe566982","name":"Business","codename":"business","type":{"id":"faac961f-b50b-443f-800c-86ecae0cbae0"},"collection":{"id":"00000000-0000-0000-0000-000000000000"},"sitemap_locations":[],"last_modified":"2021-02-08T19:41:00.8826788Z"},{"id":"d2385f83-d119-479f-aca0-86251df61fb3","name":"Free Trial","codename":"free_trial","type":{"id":"c2cb7564-a52d-4f76-b189-3fa40b62f7d6"},"collection":{"id":"00000000-0000-0000-0000-000000000000"},"sitemap_locations":[],"last_modified":"2021-02-08T19:43:01.944342Z"},{"id":"251df0a4-a5db-4ded-9b0b-0e46f7a36df3","name":"Premium","codename":"premium","type":{"id":"faac961f-b50b-443f-800c-86ecae0cbae0"},"collection":{"id":"00000000-0000-0000-0000-000000000000"},"sitemap_locations":[],"last_modified":"2021-02-08T19:44:32.8541078Z"},{"id":"7989f8c4-ddc6-47a6-8859-7ae04a46d8b0","name":"Enterprise","codename":"enterprise","type":{"id":"faac961f-b50b-443f-800c-86ecae0cbae0"},"collection":{"id":"00000000-0000-0000-0000-000000000000"},"sitemap_locations":[],"last_modified":"2021-02-08T19:45:34.9721759Z"},{"id":"9b4840c6-2daa-45a6-ad36-df088562b354","name":"Frequently Asked Questions","codename":"frequently_asked_questions","type":{"id":"58e66ff1-3f2d-4166-b1d6-de9178d0bb95"},"collection":{"id":"00000000-0000-0000-0000-000000000000"},"sitemap_locations":[],"last_modified":"2021-02-08T19:47:21.0205482Z"},{"id":"b58d4490-456a-47d5-97e8-f7041552efbd","name":"Mauris ut tellus id arcu sagittis lacinia quis vel justo?","codename":"mauris_ut_tellus_id_arcu_sagittis_lacinia_quis_vel","type":{"id":"e9a1b652-079a-4898-8c86-6ead205b5099"},"collection":{"id":"00000000-0000-0000-0000-000000000000"},"sitemap_locations":[],"last_modified":"2021-02-08T19:49:31.2793717Z"},{"id":"22f04852-59c3-44e4-b19a-c2a6212a310e","name":"Aliquam eget purus ante?","codename":"aliquam_eget_purus_ante_","type":{"id":"e9a1b652-079a-4898-8c86-6ead205b5099"},"collection":{"id":"00000000-0000-0000-0000-000000000000"},"sitemap_locations":[],"last_modified":"2021-02-08T19:49:39.6888642Z"},{"id":"6825253d-4fff-4824-86ac-f55c6974e616","name":"Sed scelerisque in ipsum eu sollicitudin?","codename":"sed_scelerisque_in_ipsum_eu_sollicitudin_","type":{"id":"e9a1b652-079a-4898-8c86-6ead205b5099"},"collection":{"id":"00000000-0000-0000-0000-000000000000"},"sitemap_locations":[],"last_modified":"2021-02-08T19:50:08.3867032Z"},{"id":"80c15e57-2104-4df7-8093-f3ce1f2934db","name":"Privacy Policy","codename":"privacy_policy","type":{"id":"b9ade902-7204-4456-b337-6f2954f3fe5c"},"collection":{"id":"00000000-0000-0000-0000-000000000000"},"sitemap_locations":[],"last_modified":"2021-02-08T19:51:00.1875843Z"},{"id":"fdc9107a-229c-4f1e-a6eb-c9b61c50b479","name":"Sign Up","codename":"sign_up","type":{"id":"b9ade902-7204-4456-b337-6f2954f3fe5c"},"collection":{"id":"00000000-0000-0000-0000-000000000000"},"sitemap_locations":[],"last_modified":"2021-02-08T19:51:28.2756791Z"},{"id":"209ef84f-9fc7-4bbf-89eb-808189d950c9","name":"Style Guide","codename":"style_guide","type":{"id":"b9ade902-7204-4456-b337-6f2954f3fe5c"},"collection":{"id":"00000000-0000-0000-0000-000000000000"},"sitemap_locations":[],"last_modified":"2021-02-08T19:54:35.8757156Z"},{"id":"da758df0-ebeb-41e8-8964-5f139dad2d9d","name":"Terms of Service","codename":"terms_of_service","type":{"id":"b9ade902-7204-4456-b337-6f2954f3fe5c"},"collection":{"id":"00000000-0000-0000-0000-000000000000"},"sitemap_locations":[],"last_modified":"2021-02-08T19:57:14.6416271Z"},{"id":"e0a053c8-9b46-4d6c-a75e-85325c1610bc","name":"Features","codename":"features_e0a053c","type":{"id":"594fe24f-9f5c-428f-81c4-fe80ec8edb76"},"collection":{"id":"00000000-0000-0000-0000-000000000000"},"sitemap_locations":[],"last_modified":"2021-02-09T08:09:39.8696704Z"},{"id":"72f41350-8ef2-4d3b-b989-2f0506f53a4e","name":"Pricing","codename":"pricing_72f4135","type":{"id":"594fe24f-9f5c-428f-81c4-fe80ec8edb76"},"collection":{"id":"00000000-0000-0000-0000-000000000000"},"sitemap_locations":[],"last_modified":"2021-02-09T08:10:51.7482441Z"},{"id":"ce0f7d54-4354-4c93-874b-6bd968d11beb","name":"Style Guide","codename":"style_guide_ce0f7d5","type":{"id":"594fe24f-9f5c-428f-81c4-fe80ec8edb76"},"collection":{"id":"00000000-0000-0000-0000-000000000000"},"sitemap_locations":[],"last_modified":"2021-02-09T08:11:19.9007886Z"},{"id":"52b2d79e-8250-4c70-a7e6-e17e4aa45d9d","name":"Sign Up Primary","codename":"sign_up_primary","type":{"id":"594fe24f-9f5c-428f-81c4-fe80ec8edb76"},"collection":{"id":"00000000-0000-0000-0000-000000000000"},"sitemap_locations":[],"last_modified":"2021-02-09T08:27:08.2465649Z"},{"id":"dd0ee4cf-affa-42b5-ae48-2f73969677b6","name":"Terms of Service","codename":"terms_of_service_dd0ee4c","type":{"id":"594fe24f-9f5c-428f-81c4-fe80ec8edb76"},"collection":{"id":"00000000-0000-0000-0000-000000000000"},"sitemap_locations":[],"last_modified":"2021-02-09T08:13:10.4598442Z"},{"id":"3fe581a0-07a3-4c6c-8ec7-cfc8eb997410","name":"Privacy Policy","codename":"privacy_policy_3fe581a","type":{"id":"594fe24f-9f5c-428f-81c4-fe80ec8edb76"},"collection":{"id":"00000000-0000-0000-0000-000000000000"},"sitemap_locations":[],"last_modified":"2021-02-09T08:13:41.9491536Z"},{"id":"e2a38438-2a0c-4513-8a35-fcd28bd59161","name":"About Us","codename":"about_us_e2a3843","type":{"id":"594fe24f-9f5c-428f-81c4-fe80ec8edb76"},"collection":{"id":"00000000-0000-0000-0000-000000000000"},"sitemap_locations":[],"last_modified":"2021-02-09T08:18:17.647244Z"},{"id":"dec7212d-605a-4906-a57f-ec930eef4e38","name":"Blog","codename":"blog","type":{"id":"594fe24f-9f5c-428f-81c4-fe80ec8edb76"},"collection":{"id":"00000000-0000-0000-0000-000000000000"},"sitemap_locations":[],"last_modified":"2021-02-09T08:22:35.3609852Z"},{"id":"cf72cdba-91ba-46ac-8c6f-a56e3e1246d1","name":"Blog","codename":"blog_cf72cdb","type":{"id":"e8eb46e2-fd6c-45df-b0f4-a498b987f545"},"collection":{"id":"00000000-0000-0000-0000-000000000000"},"sitemap_locations":[],"last_modified":"2021-02-09T08:25:26.2829014Z"},{"id":"3aacbf33-2fbf-458f-8a5f-ead85ac6a06f","name":"Sign Up","codename":"sign_up_link","type":{"id":"594fe24f-9f5c-428f-81c4-fe80ec8edb76"},"collection":{"id":"00000000-0000-0000-0000-000000000000"},"sitemap_locations":[],"last_modified":"2021-03-03T15:53:30.6733647Z"},{"id":"9c973536-5563-44b9-872a-15e7201a345a","name":"Contact","codename":"contact_9c97353","type":{"id":"594fe24f-9f5c-428f-81c4-fe80ec8edb76"},"collection":{"id":"00000000-0000-0000-0000-000000000000"},"sitemap_locations":[],"last_modified":"2021-02-09T08:27:30.0771259Z"},{"id":"804864fe-1ced-4229-8ff6-f1cdbe436f35","name":"Main content","codename":"main_content","type":{"id":"b46ddae3-b558-47e4-b290-c9d6a9714422"},"collection":{"id":"00000000-0000-0000-0000-000000000000"},"sitemap_locations":[],"last_modified":"2021-02-09T08:38:00.5717181Z"},{"id":"a6e68d1f-c78b-4f6c-b3d5-4f1e0c1cf814","name":"Main Hero Section","codename":"main_hero_section","type":{"id":"41a9600d-f51d-41c2-a7a5-4a113ae6d362"},"collection":{"id":"00000000-0000-0000-0000-000000000000"},"sitemap_locations":[],"last_modified":"2021-02-09T08:38:52.2409407Z"},{"id":"6f260fff-c23c-402e-9612-ff2ffa511ed7","name":"Learn More - Primary","codename":"learn_more","type":{"id":"c2cb7564-a52d-4f76-b189-3fa40b62f7d6"},"collection":{"id":"00000000-0000-0000-0000-000000000000"},"sitemap_locations":[],"last_modified":"2021-02-19T12:55:26.6384834Z"},{"id":"bd73c999-ee3a-4315-b68a-d63282e4d070","name":"Features section","codename":"features_section","type":{"id":"574d9807-5993-4e48-87c7-2c097c0f8eaa"},"collection":{"id":"00000000-0000-0000-0000-000000000000"},"sitemap_locations":[],"last_modified":"2021-02-09T08:41:07.9712977Z"},{"id":"7e239650-bdf6-4fc0-a07c-95039c5d40f3","name":"Benefits for everyone","codename":"the_best_features_of_your_services","type":{"id":"e4cd140c-60c6-4405-803a-09304dd4b28d"},"collection":{"id":"00000000-0000-0000-0000-000000000000"},"sitemap_locations":[],"last_modified":"2021-02-19T13:43:55.0237653Z"},{"id":"b6026f53-4a55-4ba6-b6af-c74e62a33524","name":"Features - Learn More With Icon Secondary","codename":"learn_more_b6026f5","type":{"id":"c2cb7564-a52d-4f76-b189-3fa40b62f7d6"},"collection":{"id":"00000000-0000-0000-0000-000000000000"},"sitemap_locations":[],"last_modified":"2021-02-19T12:56:13.6856949Z"},{"id":"55573f46-7961-4afb-b58b-87401ac703cb","name":"Arrow Right","codename":"arrow_right","type":{"id":"70ea94d5-fb69-40d2-be51-414f50bebd5f"},"collection":{"id":"00000000-0000-0000-0000-000000000000"},"sitemap_locations":[],"last_modified":"2021-02-09T08:50:35.3431445Z"},{"id":"a6f30b75-b8a8-4a97-bd4e-97804e52573f","name":"Testimonials","codename":"testimonials","type":{"id":"622d34b9-cf33-4c99-b029-d0255df8986a"},"collection":{"id":"00000000-0000-0000-0000-000000000000"},"sitemap_locations":[],"last_modified":"2021-02-09T08:57:22.7358165Z"},{"id":"486156be-5b3a-4687-b462-52dbedaaec18","name":"Testimonial from John Doe","codename":"testimonial_from_john_doe","type":{"id":"9e771f4d-0412-4110-a770-e78268622896"},"collection":{"id":"00000000-0000-0000-0000-000000000000"},"sitemap_locations":[],"last_modified":"2021-02-09T08:58:20.5532587Z"},{"id":"c72733e0-d5a7-4b28-bccb-f4e36eddfdcb","name":"Testimonial from Jane Doe","codename":"untitled_content_itemtestimonial_from_jane_roe","type":{"id":"9e771f4d-0412-4110-a770-e78268622896"},"collection":{"id":"00000000-0000-0000-0000-000000000000"},"sitemap_locations":[],"last_modified":"2021-03-03T18:24:10.3068343Z"},{"id":"bac3d2ac-9711-4c26-b546-a7af8080a9c9","name":"Testimonial from John Smith","codename":"testimonial_from_richard_roe","type":{"id":"9e771f4d-0412-4110-a770-e78268622896"},"collection":{"id":"00000000-0000-0000-0000-000000000000"},"sitemap_locations":[],"last_modified":"2021-03-03T18:24:30.921639Z"},{"id":"117a4861-9797-49d4-a90b-1a8c328678e6","name":"Get Started CTA block","codename":"this_is_call_to_action_block__117a486","type":{"id":"4b907c78-c4ce-46ea-95ca-20b00875ad6c"},"collection":{"id":"00000000-0000-0000-0000-000000000000"},"sitemap_locations":[],"last_modified":"2021-03-03T17:59:08.8361389Z"},{"id":"6ed8ee1b-1dc3-42b4-88e4-067bbf0eb0a0","name":"Get Started Primary","codename":"get_started_primary","type":{"id":"c2cb7564-a52d-4f76-b189-3fa40b62f7d6"},"collection":{"id":"00000000-0000-0000-0000-000000000000"},"sitemap_locations":[],"last_modified":"2021-02-09T09:05:05.5717115Z"},{"id":"f34713f8-e203-42b7-be4e-3e97c441cfd5","name":"Three Latest Posts","codename":"three_latest_posts","type":{"id":"5c7f683c-1b55-4e70-b1b4-7bdd5904c5da"},"collection":{"id":"00000000-0000-0000-0000-000000000000"},"sitemap_locations":[],"last_modified":"2021-02-09T09:16:57.6832445Z"},{"id":"7f324bbe-2f75-42cf-b797-c8303b079bfb","name":"Predefined Systems Sans","codename":"predefined_systems_sans","type":{"id":"bcd8f1ac-1c03-45fc-88e9-e86e707c7937"},"collection":{"id":"00000000-0000-0000-0000-000000000000"},"sitemap_locations":[],"last_modified":"2021-02-10T06:32:12.1819216Z"},{"id":"18dead47-b48a-40d4-a6ae-012108eb9d1c","name":"Predefined Nunito Sans","codename":"predefined_nunito_sans","type":{"id":"bcd8f1ac-1c03-45fc-88e9-e86e707c7937"},"collection":{"id":"00000000-0000-0000-0000-000000000000"},"sitemap_locations":[],"last_modified":"2021-02-10T06:32:12.2444514Z"},{"id":"d4a6fa65-e117-4282-bd68-6211a6a98827","name":"Predefined Fira Sans","codename":"predefined_fira_sans","type":{"id":"bcd8f1ac-1c03-45fc-88e9-e86e707c7937"},"collection":{"id":"00000000-0000-0000-0000-000000000000"},"sitemap_locations":[],"last_modified":"2021-02-10T06:32:12.3069759Z"},{"id":"03a11771-9769-417e-9f22-a91423a4895c","name":"Github Left","codename":"github_left","type":{"id":"70ea94d5-fb69-40d2-be51-414f50bebd5f"},"collection":{"id":"00000000-0000-0000-0000-000000000000"},"sitemap_locations":[],"last_modified":"2021-02-16T19:25:35.2150912Z"},{"id":"e00ff06a-127e-4af1-b134-1f2ee50c7a02","name":"Talk to us primary","codename":"talk_to_us_primary","type":{"id":"c2cb7564-a52d-4f76-b189-3fa40b62f7d6"},"collection":{"id":"00000000-0000-0000-0000-000000000000"},"sitemap_locations":[],"last_modified":"2021-02-19T09:25:56.6707367Z"},{"id":"a8a759d8-3dd9-4a8d-822f-cbf1c118da7e","name":"Super additional feature- with external link","codename":"web_spotlight","type":{"id":"9659d58b-25ad-4563-ad2e-0630ef40d88e"},"collection":{"id":"00000000-0000-0000-0000-000000000000"},"sitemap_locations":[],"last_modified":"2021-03-03T16:50:08.537422Z"},{"id":"0e000d5e-1f49-49a4-93ac-e627a30ed7ff","name":"Extra Feature - learn more","codename":"web_spotlight___learn_more","type":{"id":"c2cb7564-a52d-4f76-b189-3fa40b62f7d6"},"collection":{"id":"00000000-0000-0000-0000-000000000000"},"sitemap_locations":[],"last_modified":"2021-03-03T16:51:31.3825532Z"},{"id":"5c1dc722-9d1b-4fe0-91b3-574b7c4afa94","name":"Additional features","codename":"additional_features","type":{"id":"574d9807-5993-4e48-87c7-2c097c0f8eaa"},"collection":{"id":"00000000-0000-0000-0000-000000000000"},"sitemap_locations":[],"last_modified":"2021-02-19T13:00:28.0606721Z"},{"id":"2cbe7ad2-661a-4c12-9a2d-20e88108a2aa","name":"Twitter Link With Icon","codename":"twitter_link","type":{"id":"c2cb7564-a52d-4f76-b189-3fa40b62f7d6"},"collection":{"id":"00000000-0000-0000-0000-000000000000"},"sitemap_locations":[],"last_modified":"2021-03-03T16:19:47.0409252Z"},{"id":"cdd68c1a-f301-4994-8f2f-79be6df8fbcc","name":"GitHub Link With Icon","codename":"github_link","type":{"id":"c2cb7564-a52d-4f76-b189-3fa40b62f7d6"},"collection":{"id":"00000000-0000-0000-0000-000000000000"},"sitemap_locations":[],"last_modified":"2021-03-03T16:20:11.6849318Z"},{"id":"a7411f66-82b6-41b5-84cd-df8f791b1155","name":"LinkedIn Link With Icon","codename":"linkedin_link","type":{"id":"c2cb7564-a52d-4f76-b189-3fa40b62f7d6"},"collection":{"id":"00000000-0000-0000-0000-000000000000"},"sitemap_locations":[],"last_modified":"2021-03-03T16:20:03.0753868Z"},{"id":"6f40784d-764f-4c6e-a1e0-09e4e7bb7333","name":"LinkedIn URL","codename":"linkedin_url","type":{"id":"89a4352c-2092-412b-8d95-f1f81242d1f1"},"collection":{"id":"00000000-0000-0000-0000-000000000000"},"sitemap_locations":[],"last_modified":"2021-03-03T15:48:04.1592761Z"},{"id":"4bb37fa6-2aa8-4389-a82d-3a60e43bd1dd","name":"GitHub URL","codename":"github_url","type":{"id":"89a4352c-2092-412b-8d95-f1f81242d1f1"},"collection":{"id":"00000000-0000-0000-0000-000000000000"},"sitemap_locations":[],"last_modified":"2021-03-03T15:50:43.3362467Z"},{"id":"056aca41-4c27-4e72-b810-480573e65d15","name":"Twitter URL","codename":"twitter_url","type":{"id":"89a4352c-2092-412b-8d95-f1f81242d1f1"},"collection":{"id":"00000000-0000-0000-0000-000000000000"},"sitemap_locations":[],"last_modified":"2021-03-03T15:50:26.4456201Z"},{"id":"ad0c5bc1-95a9-4830-8d9b-3b926517eb14","name":"External Features URL","codename":"webspotlight_url","type":{"id":"89a4352c-2092-412b-8d95-f1f81242d1f1"},"collection":{"id":"00000000-0000-0000-0000-000000000000"},"sitemap_locations":[],"last_modified":"2021-03-03T16:51:50.3184466Z"},{"id":"7b88c746-9ff4-4d10-8a5d-8300d0743fd2","name":"Main Menu","codename":"main_menu","type":{"id":"7f75eb10-417d-44ec-aa5b-bb48bc27d0f6"},"collection":{"id":"00000000-0000-0000-0000-000000000000"},"sitemap_locations":[],"last_modified":"2021-03-03T16:03:37.5417876Z"},{"id":"ca5aaccd-ab0d-48c8-bb18-151343ea9838","name":"Features","codename":"features_ca5aacc","type":{"id":"c2cb7564-a52d-4f76-b189-3fa40b62f7d6"},"collection":{"id":"00000000-0000-0000-0000-000000000000"},"sitemap_locations":[],"last_modified":"2021-03-03T16:10:32.6082222Z"},{"id":"2f292825-206d-4ffb-a27c-3a95ba3bd9df","name":"Pricing","codename":"pricing_2f29282","type":{"id":"c2cb7564-a52d-4f76-b189-3fa40b62f7d6"},"collection":{"id":"00000000-0000-0000-0000-000000000000"},"sitemap_locations":[],"last_modified":"2021-03-03T16:11:06.5938711Z"},{"id":"3e20719b-c840-4eb0-991a-3468592527a6","name":"Style Guide","codename":"style_guide_3e20719","type":{"id":"c2cb7564-a52d-4f76-b189-3fa40b62f7d6"},"collection":{"id":"00000000-0000-0000-0000-000000000000"},"sitemap_locations":[],"last_modified":"2021-03-03T16:11:46.5355643Z"},{"id":"2437f32c-fb3a-4be8-888a-3ec8c46b6825","name":"Sign Up - Primary","codename":"sign_up___primary","type":{"id":"c2cb7564-a52d-4f76-b189-3fa40b62f7d6"},"collection":{"id":"00000000-0000-0000-0000-000000000000"},"sitemap_locations":[],"last_modified":"2021-03-03T16:12:52.9625705Z"},{"id":"cfc00f1c-5ebb-425d-9653-a0c44a81d9b5","name":"Footer Content","codename":"footer_content","type":{"id":"e4cd140c-60c6-4405-803a-09304dd4b28d"},"collection":{"id":"00000000-0000-0000-0000-000000000000"},"sitemap_locations":[],"last_modified":"2021-03-03T16:14:03.1060379Z"},{"id":"238ab809-5514-4739-aa52-225d1344f697","name":"Footer Main Menu","codename":"footer_menu","type":{"id":"7f75eb10-417d-44ec-aa5b-bb48bc27d0f6"},"collection":{"id":"00000000-0000-0000-0000-000000000000"},"sitemap_locations":[],"last_modified":"2021-03-03T16:18:58.9732521Z"},{"id":"c955b588-51e3-4afd-a29d-601091a632e1","name":"About Us","codename":"about_us_c955b58","type":{"id":"c2cb7564-a52d-4f76-b189-3fa40b62f7d6"},"collection":{"id":"00000000-0000-0000-0000-000000000000"},"sitemap_locations":[],"last_modified":"2021-03-03T16:15:35.7565736Z"},{"id":"5a5a2594-31a0-4977-aba7-2f0b87a6f51d","name":"Sign Up","codename":"sign_up_5a5a259","type":{"id":"c2cb7564-a52d-4f76-b189-3fa40b62f7d6"},"collection":{"id":"00000000-0000-0000-0000-000000000000"},"sitemap_locations":[],"last_modified":"2021-03-03T16:16:46.73082Z"},{"id":"c6f65852-b330-46c8-bcc2-e951aeec50a4","name":"Community Menu","codename":"community_menu","type":{"id":"7f75eb10-417d-44ec-aa5b-bb48bc27d0f6"},"collection":{"id":"00000000-0000-0000-0000-000000000000"},"sitemap_locations":[],"last_modified":"2021-03-03T16:19:17.6788759Z"},{"id":"81248ba0-c86b-42d3-b231-a78adfcb393b","name":"Blog","codename":"blog_81248ba","type":{"id":"c2cb7564-a52d-4f76-b189-3fa40b62f7d6"},"collection":{"id":"00000000-0000-0000-0000-000000000000"},"sitemap_locations":[],"last_modified":"2021-03-03T16:22:25.5144885Z"},{"id":"1838a29a-d93a-42a5-b58d-daabe014db85","name":"Contact","codename":"contact_1838a29","type":{"id":"c2cb7564-a52d-4f76-b189-3fa40b62f7d6"},"collection":{"id":"00000000-0000-0000-0000-000000000000"},"sitemap_locations":[],"last_modified":"2021-03-03T16:23:05.5613648Z"},{"id":"454e29c6-73fc-4c49-80a0-1eb482ad5dc5","name":"Terms of Service","codename":"terms_of_service_454e29c","type":{"id":"c2cb7564-a52d-4f76-b189-3fa40b62f7d6"},"collection":{"id":"00000000-0000-0000-0000-000000000000"},"sitemap_locations":[],"last_modified":"2021-03-03T16:23:55.0781898Z"},{"id":"5242b78e-f226-42bc-9e7f-4caf27a97830","name":"Privacy Policy","codename":"privacy_policy_5242b78","type":{"id":"c2cb7564-a52d-4f76-b189-3fa40b62f7d6"},"collection":{"id":"00000000-0000-0000-0000-000000000000"},"sitemap_locations":[],"last_modified":"2021-03-03T16:24:23.5993321Z"},{"id":"2dc371c5-f5a2-45bb-848f-cbe9a9b7c416","name":"Problem Solver","codename":"problem_solver","type":{"id":"9659d58b-25ad-4563-ad2e-0630ef40d88e"},"collection":{"id":"00000000-0000-0000-0000-000000000000"},"sitemap_locations":[],"last_modified":"2021-03-03T17:39:58.6484472Z"},{"id":"34e0a033-243f-451d-8e68-a018056efffa","name":"Problem Identifier","codename":"problem_identifier","type":{"id":"9659d58b-25ad-4563-ad2e-0630ef40d88e"},"collection":{"id":"00000000-0000-0000-0000-000000000000"},"sitemap_locations":[],"last_modified":"2021-03-03T17:55:37.0467547Z"},{"id":"a1319083-4d00-43e6-aece-a356cfb3c134","name":"Problem Preventer","codename":"problem_preventer","type":{"id":"9659d58b-25ad-4563-ad2e-0630ef40d88e"},"collection":{"id":"00000000-0000-0000-0000-000000000000"},"sitemap_locations":[],"last_modified":"2021-03-03T17:56:40.2354578Z"},{"id":"6ecf434e-6580-4d97-8cce-77c6c8549707","name":"John Doe","codename":"john_doe_6ecf434","type":{"id":"1fd3c002-ca03-41ce-b0c9-20a61cd2ade1"},"collection":{"id":"00000000-0000-0000-0000-000000000000"},"sitemap_locations":[],"last_modified":"2021-03-03T18:20:42.9656236Z"},{"id":"68b4908a-2bfa-496d-9fed-c5475986f9e5","name":"Jane Doe","codename":"jane_doe_68b4908","type":{"id":"1fd3c002-ca03-41ce-b0c9-20a61cd2ade1"},"collection":{"id":"00000000-0000-0000-0000-000000000000"},"sitemap_locations":[],"last_modified":"2021-03-03T18:21:23.7228943Z"},{"id":"730baf0d-8eb3-4ff8-956c-395be1137340","name":"John Smith","codename":"john_smith","type":{"id":"1fd3c002-ca03-41ce-b0c9-20a61cd2ade1"},"collection":{"id":"00000000-0000-0000-0000-000000000000"},"sitemap_locations":[],"last_modified":"2021-03-03T18:22:20.2096654Z"},{"id":"17ff7084-55e8-4cd4-9662-d85ea51d8646","name":"5 tips to solve your problems","codename":"n5_tips_to_solve_your_problems","type":{"id":"58a13143-7137-46d6-91b1-dac4fae475da"},"collection":{"id":"00000000-0000-0000-0000-000000000000"},"sitemap_locations":[],"last_modified":"2021-03-03T18:35:03.5685206Z"},{"id":"1251325b-4fec-4354-a97a-1a0d37cabfae","name":"Adam Foo","codename":"adam_foo","type":{"id":"1fd3c002-ca03-41ce-b0c9-20a61cd2ade1"},"collection":{"id":"00000000-0000-0000-0000-000000000000"},"sitemap_locations":[],"last_modified":"2021-03-03T18:32:26.4750702Z"},{"id":"6e07c479-7793-48b3-a868-fb827058c27a","name":"Eve Bar","codename":"eve_bar","type":{"id":"1fd3c002-ca03-41ce-b0c9-20a61cd2ade1"},"collection":{"id":"00000000-0000-0000-0000-000000000000"},"sitemap_locations":[],"last_modified":"2021-03-03T18:33:35.2687899Z"},{"id":"738de752-616f-4e42-835e-3b9935bd6085","name":"All your benefits at one place","codename":"all_your_benefits_at_one_place","type":{"id":"58a13143-7137-46d6-91b1-dac4fae475da"},"collection":{"id":"00000000-0000-0000-0000-000000000000"},"sitemap_locations":[],"last_modified":"2021-03-03T18:50:52.5853119Z"},{"id":"66d62ab5-a1b3-4a96-8998-e24185db7031","name":"Keep your assets up to speed","codename":"keep_your_assets_up_to_speed","type":{"id":"58a13143-7137-46d6-91b1-dac4fae475da"},"collection":{"id":"00000000-0000-0000-0000-000000000000"},"sitemap_locations":[],"last_modified":"2021-03-03T18:56:54.9530048Z"},{"id":"16fab252-f9bd-441c-9afb-88f64fc1c880","name":"Don't be afraid to fail","codename":"don_t_be_afraid_to_fail","type":{"id":"58a13143-7137-46d6-91b1-dac4fae475da"},"collection":{"id":"00000000-0000-0000-0000-000000000000"},"sitemap_locations":[],"last_modified":"2021-03-03T18:59:16.9418121Z"},{"id":"52b0de4c-c5ab-4777-bfe7-bd068adc7127","name":"Define your user journey","codename":"define_your_user_journey","type":{"id":"58a13143-7137-46d6-91b1-dac4fae475da"},"collection":{"id":"00000000-0000-0000-0000-000000000000"},"sitemap_locations":[],"last_modified":"2021-03-03T19:02:14.8127199Z"},{"id":"0ff585fd-aa3a-4485-9e44-e78a9e0b16b5","name":"How to collaborate","codename":"how_to_collaborate","type":{"id":"58a13143-7137-46d6-91b1-dac4fae475da"},"collection":{"id":"00000000-0000-0000-0000-000000000000"},"sitemap_locations":[],"last_modified":"2021-03-03T19:04:54.2043395Z"},{"id":"f65c530c-4fa1-4bee-81b6-aaa86bb01ab4","name":"Go International","codename":"go_international","type":{"id":"58a13143-7137-46d6-91b1-dac4fae475da"},"collection":{"id":"00000000-0000-0000-0000-000000000000"},"sitemap_locations":[],"last_modified":"2021-03-03T19:08:13.5387895Z"},{"id":"9c2b3716-b156-4890-afa8-4365284e1b84","name":"Shape your skills","codename":"shape_your_skills","type":{"id":"58a13143-7137-46d6-91b1-dac4fae475da"},"collection":{"id":"00000000-0000-0000-0000-000000000000"},"sitemap_locations":[],"last_modified":"2021-03-03T19:10:54.8356074Z"},{"id":"b006403b-960d-4856-bf09-61cca0f6af40","name":"How to validate services","codename":"how_to_validate_services","type":{"id":"58a13143-7137-46d6-91b1-dac4fae475da"},"collection":{"id":"00000000-0000-0000-0000-000000000000"},"sitemap_locations":[],"last_modified":"2021-03-03T19:13:03.4554075Z"}]