[{"id":"58e66ff1-3f2d-4166-b1d6-de9178d0bb95","codename":"faq_section","last_modified":"2021-02-17T19:27:31.6185062Z","name":"FAQ Section","content_groups":[],"elements":[{"maximum_text_length":null,"name":"Title","guidelines":null,"is_required":false,"type":"text","id":"d560518b-bb10-4686-828e-d791dba3f388","codename":"title"},{"maximum_text_length":null,"maximum_image_size":null,"allowed_content_types":[],"image_width_limit":null,"image_height_limit":null,"allowed_image_types":"any","allowed_blocks":[],"allowed_formatting":[],"allowed_text_blocks":[],"allowed_table_blocks":[],"allowed_table_formatting":[],"allowed_table_text_blocks":[],"name":"Subtitle","guidelines":null,"is_required":false,"type":"rich_text","id":"b71e3706-b5fb-4311-9e0e-6c1b13d84697","codename":"subtitle"},{"item_count_limit":{"value":1,"condition":"at_least"},"allowed_content_types":[{"id":"e9a1b652-079a-4898-8c86-6ead205b5099"}],"name":"FAQ Items","guidelines":null,"is_required":false,"type":"modular_content","id":"58955049-50b0-4772-910b-5380e1fd7f8d","codename":"faq_items"},{"mode":"multiple","options":[{"id":"769c51c4-085a-4859-ba1d-9dff4be49965","codename":"highlight","name":"Highlight"}],"name":"Options","guidelines":null,"is_required":false,"type":"multiple_choice","id":"a8cff0c3-cedb-4744-b496-bd3321ea82ba","codename":"options"}]},{"id":"e4cd140c-60c6-4405-803a-09304dd4b28d","codename":"content_section","last_modified":"2021-03-03T16:18:26.3787977Z","name":"Content Section","content_groups":[],"elements":[{"maximum_text_length":null,"name":"Title","guidelines":null,"is_required":false,"type":"text","id":"185e77e2-dbdd-43ac-a608-63a145f8c9ec","codename":"title"},{"asset_count_limit":null,"maximum_file_size":null,"allowed_file_types":"any","image_width_limit":null,"image_height_limit":null,"name":"Image","guidelines":null,"is_required":false,"type":"asset","id":"8a150829-03ba-4bbf-90a4-e3055ac558b1","codename":"image"},{"maximum_text_length":null,"maximum_image_size":null,"allowed_content_types":[],"image_width_limit":null,"image_height_limit":null,"allowed_image_types":"any","allowed_blocks":[],"allowed_formatting":[],"allowed_text_blocks":[],"allowed_table_blocks":[],"allowed_table_formatting":[],"allowed_table_text_blocks":[],"name":"Content","guidelines":null,"is_required":false,"type":"rich_text","id":"e1591e50-a8e8-46db-8627-801738407113","codename":"content"},{"item_count_limit":null,"allowed_content_types":[{"id":"c2cb7564-a52d-4f76-b189-3fa40b62f7d6"}],"name":"Actions","guidelines":null,"is_required":false,"type":"modular_content","id":"f95b5180-9160-4396-b2f0-469e48bd0da2","codename":"actions"},{"mode":"multiple","options":[{"id":"2de71d17-dc4a-4ac0-a273-aa15c4367246","codename":"highlight","name":"Highlight"}],"name":"Options","guidelines":null,"is_required":false,"type":"multiple_choice","id":"dce92587-c24c-48a0-8f93-b6b4312cbb07","codename":"options"}]},{"id":"7f75eb10-417d-44ec-aa5b-bb48bc27d0f6","codename":"menu","last_modified":"2021-03-09T09:58:46.372196Z","name":"Menu","content_groups":[],"elements":[{"maximum_text_length":null,"name":"Label","guidelines":null,"is_required":false,"type":"text","id":"ca8a3b29-821d-4b46-bacd-9ea2cfb0b4d4","codename":"label"},{"item_count_limit":{"value":1,"condition":"at_least"},"allowed_content_types":[{"id":"c2cb7564-a52d-4f76-b189-3fa40b62f7d6"}],"name":"Actions","guidelines":null,"is_required":false,"type":"modular_content","id":"8723d90a-2d29-4141-8ad5-999cb3185af5","codename":"actions"}]},{"id":"1fd3c002-ca03-41ce-b0c9-20a61cd2ade1","codename":"author","last_modified":"2021-02-08T17:39:21.1172829Z","name":"Author","content_groups":[],"elements":[{"maximum_text_length":null,"name":"First Name","guidelines":null,"is_required":false,"type":"text","id":"3c236f1d-2554-46fe-a1ce-2d513731989b","codename":"first_name"},{"maximum_text_length":null,"name":"Last Name","guidelines":null,"is_required":false,"type":"text","id":"04b1096b-f0d1-41b6-bbe9-9856747c5506","codename":"last_name"},{"maximum_text_length":null,"name":"Bio","guidelines":null,"is_required":false,"type":"text","id":"431a77d4-5a06-4331-8835-db72ad96b1dd","codename":"bio"},{"asset_count_limit":null,"maximum_file_size":null,"allowed_file_types":"any","image_width_limit":null,"image_height_limit":null,"name":"Photo","guidelines":null,"is_required":false,"type":"asset","id":"b850a6d6-fd5c-4b51-b4d8-86f665261cbf","codename":"photo"}]},{"id":"7cc8e1cf-4374-4b56-af71-7515725bc457","codename":"select_form_field_option","last_modified":"2021-02-08T19:11:08.5933556Z","name":"Select Form Field Option","content_groups":[],"elements":[{"maximum_text_length":null,"name":"Label","guidelines":null,"is_required":false,"type":"text","id":"55d0e66b-1a00-4802-be95-7bca155c59fd","codename":"label"},{"maximum_text_length":null,"name":"Value","guidelines":null,"is_required":false,"type":"text","id":"1dc2fb45-606d-499e-a7d1-6b2cc8319e69","codename":"value"}]},{"id":"59a4d84e-e08c-479a-a938-c48a89b250f1","codename":"code_block","last_modified":"2021-03-03T17:32:41.921336Z","name":"Code block","content_groups":[],"elements":[{"maximum_text_length":null,"maximum_image_size":null,"allowed_content_types":[],"image_width_limit":null,"image_height_limit":null,"allowed_image_types":"any","allowed_blocks":["text"],"allowed_formatting":["code","unstyled"],"allowed_text_blocks":["paragraph"],"allowed_table_blocks":[],"allowed_table_formatting":[],"allowed_table_text_blocks":[],"name":"Code","guidelines":null,"is_required":false,"type":"rich_text","id":"b2c898a1-36bc-4bc4-bb0d-74d87928b62f","codename":"code"}]},{"id":"622d34b9-cf33-4c99-b029-d0255df8986a","codename":"reviews_section","last_modified":"2021-02-17T10:00:56.5139629Z","name":"Reviews Section","content_groups":[],"elements":[{"maximum_text_length":null,"name":"Title","guidelines":null,"is_required":false,"type":"text","id":"74c58354-410c-44a5-af52-e5ce0c905d19","codename":"title"},{"maximum_text_length":null,"maximum_image_size":null,"allowed_content_types":[],"image_width_limit":null,"image_height_limit":null,"allowed_image_types":"any","allowed_blocks":[],"allowed_formatting":[],"allowed_text_blocks":[],"allowed_table_blocks":[],"allowed_table_formatting":[],"allowed_table_text_blocks":[],"name":"Subtitle","guidelines":null,"is_required":false,"type":"rich_text","id":"7ecc2d53-c708-4b28-af9a-2144c565450b","codename":"subtitle"},{"item_count_limit":null,"allowed_content_types":[{"id":"9e771f4d-0412-4110-a770-e78268622896"}],"name":"Reviews","guidelines":null,"is_required":false,"type":"modular_content","id":"e6ab82af-5b90-4b3b-8b22-1271fe5c418d","codename":"reviews"},{"mode":"multiple","options":[{"id":"54cfa58d-f3fb-44b9-aa7a-0812ed0de83a","codename":"highlight","name":"Highlight"}],"name":"Options","guidelines":null,"is_required":false,"type":"multiple_choice","id":"d4f4220c-30bd-476b-b8d1-4f9018466a75","codename":"options"}]},{"id":"9659d58b-25ad-4563-ad2e-0630ef40d88e","codename":"feature","last_modified":"2021-02-19T12:30:45.8946788Z","name":"Feature","content_groups":[],"elements":[{"maximum_text_length":null,"name":"Title","guidelines":null,"is_required":false,"type":"text","id":"8487ddd4-e1a3-4823-ae7e-d6d59a774dab","codename":"title"},{"asset_count_limit":null,"maximum_file_size":null,"allowed_file_types":"any","image_width_limit":null,"image_height_limit":null,"name":"Image","guidelines":null,"is_required":false,"type":"asset","id":"093d47ec-b5b9-435f-a175-09b77de19051","codename":"image"},{"maximum_text_length":null,"maximum_image_size":null,"allowed_content_types":[],"image_width_limit":null,"image_height_limit":null,"allowed_image_types":"any","allowed_blocks":["text","tables","images"],"allowed_formatting":[],"allowed_text_blocks":[],"allowed_table_blocks":[],"allowed_table_formatting":[],"allowed_table_text_blocks":[],"name":"Content","guidelines":null,"is_required":false,"type":"rich_text","id":"bf25c257-e4f2-4705-9609-a602c3fb3a58","codename":"content"},{"item_count_limit":null,"allowed_content_types":[{"id":"c2cb7564-a52d-4f76-b189-3fa40b62f7d6"}],"name":"Actions","guidelines":null,"is_required":false,"type":"modular_content","id":"84904565-629c-47c9-bc9f-4caf7b25da7c","codename":"actions"}]},{"id":"5c7f683c-1b55-4e70-b1b4-7bdd5904c5da","codename":"listing_section","last_modified":"2021-02-17T17:18:39.4195964Z","name":"Listing Section","content_groups":[],"elements":[{"maximum_text_length":null,"name":"Title","guidelines":null,"is_required":false,"type":"text","id":"d369ac10-686e-4f6a-a7fd-07ffa3db504c","codename":"title"},{"maximum_text_length":null,"maximum_image_size":null,"allowed_content_types":[],"image_width_limit":null,"image_height_limit":null,"allowed_image_types":"any","allowed_blocks":["text","tables","images"],"allowed_formatting":[],"allowed_text_blocks":[],"allowed_table_blocks":[],"allowed_table_formatting":[],"allowed_table_text_blocks":[],"name":"Subtitle","guidelines":null,"is_required":false,"type":"rich_text","id":"b8ebd0ec-a43d-4ebb-ae74-ed779fb35a2f","codename":"subtitle"},{"maximum_text_length":null,"name":"Content type","guidelines":null,"is_required":false,"type":"text","id":"9a759ea3-47ee-4596-b8a4-4fb912192996","codename":"content_type"},{"maximum_text_length":null,"name":"Order by","guidelines":"Order is descending","is_required":false,"type":"text","id":"0fb2ef69-8b47-4842-a607-554dbcfaa3f1","codename":"order_by"},{"name":"Number of items","guidelines":null,"is_required":false,"type":"number","id":"0788a4cd-0468-4988-83db-e47ac8601268","codename":"number_of_items"},{"mode":"multiple","options":[{"id":"ba116283-e7c9-4e72-b59a-55c3219b64b5","codename":"highlight","name":"Highlight"}],"name":"Options","guidelines":null,"is_required":false,"type":"multiple_choice","id":"0e9ff791-3ea0-46cb-9891-a589ccbe78ba","codename":"options"}]},{"id":"c2cb7564-a52d-4f76-b189-3fa40b62f7d6","codename":"action","last_modified":"2021-03-09T16:47:32.8526551Z","name":"Action","content_groups":[],"elements":[{"maximum_text_length":null,"name":"Label","guidelines":null,"is_required":true,"type":"text","id":"5f5ff9ee-3da7-4447-8f37-3c0906b49b92","codename":"label"},{"item_count_limit":{"value":1,"condition":"exactly"},"allowed_content_types":[{"id":"594fe24f-9f5c-428f-81c4-fe80ec8edb76"},{"id":"89a4352c-2092-412b-8d95-f1f81242d1f1"}],"name":"Navigation Item","guidelines":null,"is_required":true,"type":"modular_content","id":"b105aedc-5931-4259-b1e1-e5bf3952a593","codename":"navigation_item"},{"item_count_limit":null,"allowed_content_types":[{"id":"70ea94d5-fb69-40d2-be51-414f50bebd5f"}],"name":"Icon","guidelines":null,"is_required":false,"type":"modular_content","id":"635d501d-8299-4855-b0b2-5a9335d201ca","codename":"icon"},{"mode":"single","options":[{"id":"d3a4fd0f-5eea-4bdb-a82d-e55924126a96","codename":"primary","name":"Primary"},{"id":"32bc5c9b-f42d-4425-ad38-4202c21260ec","codename":"secondary","name":"Secondary"}],"name":"Role","guidelines":"Default action is link","is_required":false,"type":"multiple_choice","id":"db760278-4a04-47e5-a250-ac295b6a5a41","codename":"role"},{"mode":"multiple","options":[{"id":"02561f4f-5998-45d9-ae64-efdeb6c9408b","codename":"new_window","name":"New Window"},{"id":"73345525-1a8b-4db4-b41c-15e36973ab77","codename":"no_follow","name":"No Follow"},{"id":"8e514c3a-00e3-4845-83c0-c62913092a84","codename":"outlined","name":"Outlined"}],"name":"Options","guidelines":null,"is_required":false,"type":"multiple_choice","id":"e46d39ad-10eb-4135-b931-60b07c014f1b","codename":"options"}]},{"id":"4b907c78-c4ce-46ea-95ca-20b00875ad6c","codename":"cta_section","last_modified":"2021-02-17T13:54:31.8382732Z","name":"CTA Section","content_groups":[],"elements":[{"maximum_text_length":null,"name":"Title","guidelines":null,"is_required":false,"type":"text","id":"f76442c6-b6b3-4912-b6fe-59876c4851f2","codename":"title"},{"maximum_text_length":null,"maximum_image_size":null,"allowed_content_types":[],"image_width_limit":null,"image_height_limit":null,"allowed_image_types":"any","allowed_blocks":[],"allowed_formatting":[],"allowed_text_blocks":[],"allowed_table_blocks":[],"allowed_table_formatting":[],"allowed_table_text_blocks":[],"name":"Subtitle","guidelines":null,"is_required":false,"type":"rich_text","id":"bbdbafa7-43ef-4cb6-8862-2bf94e74b4b2","codename":"subtitle"},{"item_count_limit":{"value":1,"condition":"exactly"},"allowed_content_types":[{"id":"c2cb7564-a52d-4f76-b189-3fa40b62f7d6"}],"name":"Action","guidelines":null,"is_required":true,"type":"modular_content","id":"26676e8e-d63a-4b11-af2b-cce3fbdb1a72","codename":"action"}]},{"id":"f9ae5e35-590f-4407-81cd-eb7e96524b3c","codename":"select_form_field","last_modified":"2021-02-09T10:12:25.5226667Z","name":"Select Form Field","content_groups":[],"elements":[{"maximum_text_length":null,"name":"Label","guidelines":null,"is_required":false,"type":"text","id":"66ee6abc-7b56-4926-886b-258236906977","codename":"label"},{"maximum_text_length":null,"name":"Name","guidelines":null,"is_required":true,"type":"text","id":"722dc221-4b2a-4556-a7f7-d52aeaeff177","codename":"name"},{"item_count_limit":{"value":1,"condition":"at_least"},"allowed_content_types":[{"id":"7cc8e1cf-4374-4b56-af71-7515725bc457"}],"name":"Options","guidelines":null,"is_required":false,"type":"modular_content","id":"ad965694-9627-49eb-a7a5-7939ab2e6d6c","codename":"options"},{"maximum_text_length":null,"name":"Default Value","guidelines":null,"is_required":false,"type":"text","id":"e62ec7f1-b46f-4150-adbb-fae2147f5c18","codename":"default_value"},{"mode":"multiple","options":[{"id":"51bdb365-0aaa-464f-99d1-d48b8b3d7dd9","codename":"required","name":"Required"}],"name":"Configuration","guidelines":null,"is_required":false,"type":"multiple_choice","id":"80cbbaaf-ce38-4898-a2c8-987723201e72","codename":"configuration"}]},{"id":"58a13143-7137-46d6-91b1-dac4fae475da","codename":"post","last_modified":"2021-03-03T19:44:11.4636131Z","name":"Post","content_groups":[{"id":"6489d5ec-89be-4eac-a34e-952ffdb5a59c","name":"Content","codename":"content"},{"id":"09224ef8-da83-43b1-b994-87ec4da9b8dd","name":"Metadata","codename":"metadata"}],"elements":[{"maximum_text_length":null,"name":"Title","guidelines":null,"is_required":false,"type":"text","id":"9b3cf575-e675-4c8f-b162-f370e1d40144","codename":"title","content_group":{"id":"6489d5ec-89be-4eac-a34e-952ffdb5a59c"}},{"depends_on":{"element":{"id":"9b3cf575-e675-4c8f-b162-f370e1d40144"}},"name":"Slug","guidelines":null,"is_required":false,"type":"url_slug","id":"30e1f822-1aea-43f8-8306-4c4d3f4c44c1","codename":"slug","content_group":{"id":"6489d5ec-89be-4eac-a34e-952ffdb5a59c"}},{"maximum_text_length":null,"name":"Subtitle","guidelines":null,"is_required":false,"type":"text","id":"03d21eb8-0c3c-4605-8e76-53da6ef9b59d","codename":"subtitle","content_group":{"id":"6489d5ec-89be-4eac-a34e-952ffdb5a59c"}},{"maximum_text_length":null,"name":"Excerpt","guidelines":null,"is_required":false,"type":"text","id":"8324da9f-a3e1-4cdd-a27b-b0788d5ad4d1","codename":"excerpt","content_group":{"id":"6489d5ec-89be-4eac-a34e-952ffdb5a59c"}},{"asset_count_limit":{"value":1,"condition":"at_most"},"maximum_file_size":null,"allowed_file_types":"any","image_width_limit":null,"image_height_limit":null,"name":"Image","guidelines":null,"is_required":false,"type":"asset","id":"a88d2368-b185-4a48-8443-37031865de5f","codename":"image","content_group":{"id":"6489d5ec-89be-4eac-a34e-952ffdb5a59c"}},{"maximum_text_length":null,"maximum_image_size":null,"allowed_content_types":[],"image_width_limit":null,"image_height_limit":null,"allowed_image_types":"any","allowed_blocks":[],"allowed_formatting":[],"allowed_text_blocks":[],"allowed_table_blocks":[],"allowed_table_formatting":[],"allowed_table_text_blocks":[],"name":"Content","guidelines":null,"is_required":false,"type":"rich_text","id":"4285722f-a034-4f14-a031-06887b4977e1","codename":"content","content_group":{"id":"6489d5ec-89be-4eac-a34e-952ffdb5a59c"}},{"name":"Publishing Date","guidelines":null,"is_required":false,"type":"date_time","id":"3dae45d1-8ef9-4765-872d-e24e2d9bacf9","codename":"publishing_date","content_group":{"id":"09224ef8-da83-43b1-b994-87ec4da9b8dd"}},{"item_count_limit":{"value":1,"condition":"exactly"},"allowed_content_types":[{"id":"1fd3c002-ca03-41ce-b0c9-20a61cd2ade1"}],"name":"Author","guidelines":null,"is_required":true,"type":"modular_content","id":"6ddb6fad-4c37-4285-ad4c-03a7b69e0872","codename":"author","content_group":{"id":"09224ef8-da83-43b1-b994-87ec4da9b8dd"}},{"snippet":{"id":"cd4f247c-c04c-4336-8ddb-8760cf53dd0b"},"type":"snippet","id":"b5193a0e-38cf-4265-85e5-71ad6256be6a","codename":"seo","content_group":{"id":"09224ef8-da83-43b1-b994-87ec4da9b8dd"}}]},{"id":"f497ed75-ec0b-410a-a301-35a77ca1f69b","codename":"pricing_section","last_modified":"2021-02-17T19:09:54.1878334Z","name":"Pricing Section","content_groups":[],"elements":[{"maximum_text_length":null,"name":"Title","guidelines":null,"is_required":false,"type":"text","id":"e637d30e-4a50-4edb-853e-dd860abfeb4f","codename":"title"},{"maximum_text_length":null,"maximum_image_size":null,"allowed_content_types":[],"image_width_limit":null,"image_height_limit":null,"allowed_image_types":"any","allowed_blocks":["text","tables","images"],"allowed_formatting":[],"allowed_text_blocks":[],"allowed_table_blocks":[],"allowed_table_formatting":[],"allowed_table_text_blocks":[],"name":"Subtitle","guidelines":null,"is_required":false,"type":"rich_text","id":"e15dd9fe-3b18-4cda-aec5-912be4830323","codename":"subtitle"},{"item_count_limit":null,"allowed_content_types":[{"id":"faac961f-b50b-443f-800c-86ecae0cbae0"}],"name":"Pricing Plans","guidelines":null,"is_required":false,"type":"modular_content","id":"17555321-244c-4e6c-aa03-3f149fa16603","codename":"pricing_plans"},{"mode":"multiple","options":[{"id":"0b340588-2210-4ca5-8533-3e5c4b154c49","codename":"hightlight","name":"Hightlight"}],"name":"Metadata","guidelines":null,"is_required":false,"type":"multiple_choice","id":"79f61542-d57a-4d8a-b80e-33136bbbc95f","codename":"metadata"}]},{"id":"574d9807-5993-4e48-87c7-2c097c0f8eaa","codename":"features_section","last_modified":"2021-02-17T09:38:00.2819498Z","name":"Features Section","content_groups":[],"elements":[{"maximum_text_length":null,"name":"Title","guidelines":null,"is_required":false,"type":"text","id":"e755a4ca-2c5e-44d6-a0ab-546c86cb1f59","codename":"title"},{"maximum_text_length":null,"maximum_image_size":null,"allowed_content_types":[],"image_width_limit":null,"image_height_limit":null,"allowed_image_types":"any","allowed_blocks":["text","tables"],"allowed_formatting":[],"allowed_text_blocks":[],"allowed_table_blocks":["text"],"allowed_table_formatting":[],"allowed_table_text_blocks":[],"name":"Subtitle","guidelines":null,"is_required":false,"type":"rich_text","id":"3a1a16ca-2530-459e-ad50-df659b103a78","codename":"subtitle"},{"item_count_limit":null,"allowed_content_types":[{"id":"9659d58b-25ad-4563-ad2e-0630ef40d88e"}],"name":"Features","guidelines":null,"is_required":false,"type":"modular_content","id":"ba26c175-7d53-4521-914b-893b860e42ea","codename":"features"},{"mode":"multiple","options":[{"id":"07ecb386-25a8-4890-8787-e6b4c7042aa7","codename":"highlight","name":"Highlight"}],"name":"Options","guidelines":null,"is_required":false,"type":"multiple_choice","id":"e3b86070-f4c9-4fa9-a3af-4eccbd397eb3","codename":"options"}]},{"id":"89a4352c-2092-412b-8d95-f1f81242d1f1","codename":"external_url","last_modified":"2021-03-03T15:46:26.1151557Z","name":"External URL","content_groups":[],"elements":[{"maximum_text_length":null,"name":"URL","guidelines":null,"is_required":false,"type":"text","id":"73d5ae65-f61d-485f-9c09-62cf5a0eb052","codename":"url"}]},{"id":"70ea94d5-fb69-40d2-be51-414f50bebd5f","codename":"icon","last_modified":"2021-02-16T18:47:38.2473218Z","name":"Icon","content_groups":[],"elements":[{"mode":"single","options":[{"id":"ce3d2865-95e5-4772-a51f-c2e72d45b07a","codename":"arrow_left","name":"arrow-left"},{"id":"a33cf357-35b7-4f90-925d-389280ed165c","codename":"arrow_right","name":"arrow-right"},{"id":"52324d84-9794-4c83-9cc3-be39f29e15bb","codename":"envelope","name":"envelope"},{"id":"447e9470-ab05-4df1-bd07-ed566e74ecfa","codename":"facebook","name":"facebook"},{"id":"4d4b966b-fbf3-402c-9b8c-ad04ef58e615","codename":"github","name":"github"},{"id":"e9b49a59-5b46-451a-ba08-4a6e515e62e6","codename":"instagram","name":"instagram"},{"id":"6085a484-7de4-419f-82f6-3b20faf2cf63","codename":"linkedin","name":"linkedin"},{"id":"2e06c97d-5fae-4d8d-973d-461280154359","codename":"twitter","name":"twitter"},{"id":"b851b6e9-802c-4714-b9c9-2ef121597373","codename":"youtube","name":"youtube"},{"id":"e236b757-0c6c-4b7b-9f63-c6b3bd1738d8","codename":"vimeo","name":"vimeo"}],"name":"Icon","guidelines":null,"is_required":false,"type":"multiple_choice","id":"46764be9-8440-4f26-acec-f1997589b7b1","codename":"icon"},{"mode":"single","options":[{"id":"e14bd018-3a37-4475-a695-cf34f4e73fc6","codename":"left","name":"Left"},{"id":"bef2277a-b21b-4413-9920-ad16df0ecb3d","codename":"right","name":"Right"}],"name":"Icon Position","guidelines":null,"is_required":false,"type":"multiple_choice","id":"49c7efd5-78bd-4a56-a147-e5529673656c","codename":"icon_position"}]},{"id":"9e771f4d-0412-4110-a770-e78268622896","codename":"review","last_modified":"2021-02-17T11:11:37.5470924Z","name":"Review","content_groups":[],"elements":[{"item_count_limit":null,"allowed_content_types":[{"id":"1fd3c002-ca03-41ce-b0c9-20a61cd2ade1"}],"name":"Author","guidelines":null,"is_required":false,"type":"modular_content","id":"46c72560-cae2-4a7c-88d5-736b8d2bcca3","codename":"author"},{"maximum_text_length":null,"maximum_image_size":null,"allowed_content_types":[],"image_width_limit":null,"image_height_limit":null,"allowed_image_types":"any","allowed_blocks":["text","tables","images"],"allowed_formatting":[],"allowed_text_blocks":[],"allowed_table_blocks":[],"allowed_table_formatting":[],"allowed_table_text_blocks":[],"name":"Content","guidelines":null,"is_required":false,"type":"rich_text","id":"28fd4427-9dca-41ee-9192-f710a22c0024","codename":"content"}]},{"id":"b46ddae3-b558-47e4-b290-c9d6a9714422","codename":"landing_page","last_modified":"2021-02-19T10:29:51.0081616Z","name":"Landing page","content_groups":[{"id":"5c794f14-b2aa-4294-98d2-9f827b752d29","name":"Content","codename":"content"}],"elements":[{"maximum_text_length":null,"name":"Title","guidelines":null,"is_required":false,"type":"text","id":"ae13c3e0-b65f-49b1-b910-fa4131aaf8aa","codename":"title","content_group":{"id":"5c794f14-b2aa-4294-98d2-9f827b752d29"}},{"item_count_limit":null,"allowed_content_types":[{"id":"f497ed75-ec0b-410a-a301-35a77ca1f69b"},{"id":"4b907c78-c4ce-46ea-95ca-20b00875ad6c"},{"id":"574d9807-5993-4e48-87c7-2c097c0f8eaa"},{"id":"58e66ff1-3f2d-4166-b1d6-de9178d0bb95"},{"id":"701e740a-f58d-4372-87b5-49f6777ccf87"},{"id":"622d34b9-cf33-4c99-b029-d0255df8986a"},{"id":"41a9600d-f51d-41c2-a7a5-4a113ae6d362"},{"id":"e4cd140c-60c6-4405-803a-09304dd4b28d"},{"id":"5c7f683c-1b55-4e70-b1b4-7bdd5904c5da"}],"name":"Sections","guidelines":null,"is_required":false,"type":"modular_content","id":"f1422351-0c46-4278-8a3a-20cc6252fe7e","codename":"sections","content_group":{"id":"5c794f14-b2aa-4294-98d2-9f827b752d29"}}]},{"id":"faac961f-b50b-443f-800c-86ecae0cbae0","codename":"pricing_plan","last_modified":"2021-02-17T19:12:20.5783516Z","name":"Pricing Plan","content_groups":[],"elements":[{"maximum_text_length":null,"name":"Title","guidelines":null,"is_required":false,"type":"text","id":"757e798d-78c2-4d6b-86c6-3a8910ddd702","codename":"title"},{"maximum_text_length":null,"name":"Subtitle","guidelines":null,"is_required":false,"type":"text","id":"6087469b-fbf3-4ae7-8c32-b6d4a46706d6","codename":"subtitle"},{"maximum_text_length":null,"name":"Price","guidelines":null,"is_required":false,"type":"text","id":"5f90c4bc-117f-49c8-8015-659197a5bc7d","codename":"price"},{"maximum_text_length":null,"maximum_image_size":null,"allowed_content_types":[],"image_width_limit":null,"image_height_limit":null,"allowed_image_types":"any","allowed_blocks":[],"allowed_formatting":[],"allowed_text_blocks":[],"allowed_table_blocks":[],"allowed_table_formatting":[],"allowed_table_text_blocks":[],"name":"Details","guidelines":null,"is_required":false,"type":"rich_text","id":"2198cc91-c023-4360-a857-1fea87edba9c","codename":"details"},{"item_count_limit":null,"allowed_content_types":[{"id":"c2cb7564-a52d-4f76-b189-3fa40b62f7d6"}],"name":"Actions","guidelines":null,"is_required":false,"type":"modular_content","id":"1c81e59f-4fc7-4559-855e-e739deff9461","codename":"actions"},{"mode":"multiple","options":[{"id":"be4fcbb1-9392-43ae-9d90-b178e2b398d1","codename":"highlight","name":"Highlight"}],"name":"Options","guidelines":null,"is_required":false,"type":"multiple_choice","id":"c5a13db1-5f16-4cc8-8f04-f949efebdc60","codename":"options"}]},{"id":"d1d5627b-15fa-4399-8d93-500e3ec18b39","codename":"form","last_modified":"2021-03-15T11:17:55.4173521Z","name":"Form","content_groups":[{"id":"17979b6c-4b1d-45f7-bde8-e50b113d1c44","name":"Content","codename":"content"},{"id":"74907c88-8ab0-4a66-998b-cc5086350ac7","name":"Metadata","codename":"metadata"}],"elements":[{"maximum_text_length":null,"name":"Title","guidelines":null,"is_required":false,"type":"text","id":"801b5a7c-8496-4c66-b0ba-271b659c2d39","codename":"title","content_group":{"id":"17979b6c-4b1d-45f7-bde8-e50b113d1c44"}},{"maximum_text_length":null,"name":"Content","guidelines":null,"is_required":false,"type":"text","id":"5b329643-b051-4c15-a890-d5c1ab946bb9","codename":"content","content_group":{"id":"17979b6c-4b1d-45f7-bde8-e50b113d1c44"}},{"item_count_limit":{"value":1,"condition":"at_least"},"allowed_content_types":[{"id":"fddf6f89-7646-4752-875c-4fefc8743824"},{"id":"f9ae5e35-590f-4407-81cd-eb7e96524b3c"}],"name":"Fields","guidelines":null,"is_required":true,"type":"modular_content","id":"0b5c8987-5f5a-41e8-a196-7df587737e9a","codename":"fields","content_group":{"id":"17979b6c-4b1d-45f7-bde8-e50b113d1c44"}},{"maximum_text_length":null,"name":"Submit Label","guidelines":null,"is_required":true,"type":"text","id":"12455fbe-06c4-4b1c-bdb5-8c804b76fcf3","codename":"submit_label","content_group":{"id":"17979b6c-4b1d-45f7-bde8-e50b113d1c44"}},{"maximum_text_length":null,"name":"Form ID","guidelines":null,"is_required":true,"type":"text","id":"399d4a95-7c73-41c7-91f2-aa5e6e55c2a1","codename":"form_id","content_group":{"id":"74907c88-8ab0-4a66-998b-cc5086350ac7"}},{"maximum_text_length":null,"name":"Form Action","guidelines":null,"is_required":false,"type":"text","id":"03f31984-d8f2-4984-a238-423f5abc8967","codename":"form_action","content_group":{"id":"74907c88-8ab0-4a66-998b-cc5086350ac7"}}]},{"id":"e9a1b652-079a-4898-8c86-6ead205b5099","codename":"faq_item","last_modified":"2021-02-17T19:31:10.1318736Z","name":"FAQ Item","content_groups":[],"elements":[{"maximum_text_length":null,"name":"Question","guidelines":null,"is_required":false,"type":"text","id":"70e019be-dba0-4937-acf2-2cde320845de","codename":"question"},{"maximum_text_length":null,"maximum_image_size":null,"allowed_content_types":[],"image_width_limit":null,"image_height_limit":null,"allowed_image_types":"any","allowed_blocks":[],"allowed_formatting":[],"allowed_text_blocks":[],"allowed_table_blocks":[],"allowed_table_formatting":[],"allowed_table_text_blocks":[],"name":"Answer","guidelines":null,"is_required":false,"type":"rich_text","id":"ddb2c150-7a93-4ab6-97af-739d60006e9f","codename":"answer"}]},{"id":"594fe24f-9f5c-428f-81c4-fe80ec8edb76","codename":"navigation_item","last_modified":"2021-03-03T16:07:38.7403711Z","name":"Navigation Item","content_groups":[{"id":"a45e9114-e26f-42a3-9384-550832a0634c","name":"Main","codename":"main"},{"id":"df25fc08-94ae-41f7-982a-3b44401cdca7","name":"SEO","codename":"seo"}],"elements":[{"maximum_text_length":null,"name":"Label","guidelines":null,"is_required":true,"type":"text","id":"5d54cdc3-eec8-45c6-aa91-a5a3859dc9cd","codename":"label","content_group":{"id":"a45e9114-e26f-42a3-9384-550832a0634c"}},{"depends_on":{"element":{"id":"5d54cdc3-eec8-45c6-aa91-a5a3859dc9cd"}},"name":"Slug","guidelines":null,"is_required":false,"type":"url_slug","id":"3b225dc1-d474-4fbe-a8de-6369fd42ac3f","codename":"slug","content_group":{"id":"a45e9114-e26f-42a3-9384-550832a0634c"}},{"item_count_limit":null,"allowed_content_types":[{"id":"594fe24f-9f5c-428f-81c4-fe80ec8edb76"}],"name":"Subpages","guidelines":null,"is_required":false,"type":"modular_content","id":"ae2c1846-8943-4178-b87b-12642ea5b06b","codename":"subpages","content_group":{"id":"a45e9114-e26f-42a3-9384-550832a0634c"}},{"item_count_limit":{"value":1,"condition":"exactly"},"allowed_content_types":[{"id":"b9ade902-7204-4456-b337-6f2954f3fe5c"},{"id":"b46ddae3-b558-47e4-b290-c9d6a9714422"},{"id":"e8eb46e2-fd6c-45df-b0f4-a498b987f545"}],"name":"Content","guidelines":null,"is_required":false,"type":"modular_content","id":"17e71d79-af7a-42fc-a20f-5b926fc570cb","codename":"content","content_group":{"id":"a45e9114-e26f-42a3-9384-550832a0634c"}},{"snippet":{"id":"cd4f247c-c04c-4336-8ddb-8760cf53dd0b"},"type":"snippet","id":"1917cc12-ead6-449f-99f2-19600e641295","codename":"seo","content_group":{"id":"df25fc08-94ae-41f7-982a-3b44401cdca7"}}]},{"id":"e8eb46e2-fd6c-45df-b0f4-a498b987f545","codename":"listing_page","last_modified":"2021-02-19T10:30:01.482935Z","name":"Listing page","content_groups":[{"id":"f0f9e195-66fb-49a7-a278-2c1fa4947547","name":"Content","codename":"content"}],"elements":[{"maximum_text_length":null,"name":"Title","guidelines":null,"is_required":false,"type":"text","id":"992a426f-8cf9-4fbe-874b-03af305ee2d6","codename":"title","content_group":{"id":"f0f9e195-66fb-49a7-a278-2c1fa4947547"}},{"maximum_text_length":null,"name":"Content type","guidelines":null,"is_required":false,"type":"text","id":"5d79a367-2d53-4851-a526-6f1218d4d5b5","codename":"content_type","content_group":{"id":"f0f9e195-66fb-49a7-a278-2c1fa4947547"}}]},{"id":"5123ceac-51f4-45d4-b945-552fd729060b","codename":"quote","last_modified":"2021-03-03T17:30:05.7184994Z","name":"Quote","content_groups":[],"elements":[{"maximum_text_length":null,"name":"Quote text","guidelines":null,"is_required":false,"type":"text","id":"b05e1737-ff92-4b15-8620-9976e0cf7727","codename":"quote_text"}]},{"id":"fddf6f89-7646-4752-875c-4fefc8743824","codename":"base_form_field","last_modified":"2021-03-11T10:28:51.5507277Z","name":"Base Form Field","content_groups":[],"elements":[{"maximum_text_length":null,"name":"Label","guidelines":null,"is_required":false,"type":"text","id":"6ca305bf-54f5-4209-b1fa-3e3f2369d7c6","codename":"label"},{"maximum_text_length":null,"name":"Name","guidelines":null,"is_required":true,"type":"text","id":"b0bf611c-ddc1-4f18-913f-3349cf21c184","codename":"name"},{"mode":"single","options":[{"id":"82532d58-e898-42f3-8c9f-fc8aaf004fd6","codename":"text","name":"text"},{"id":"33246105-a3cc-404a-9670-db545e4afc59","codename":"email","name":"email"},{"id":"792e8346-8d90-4572-9e75-4bb692bbabb5","codename":"checkbox","name":"checkbox"},{"id":"b2bb3180-bde2-4290-83cc-f9b8c53c9709","codename":"tel","name":"tel"},{"id":"80a1ceb7-20b4-4cab-af0b-a072e65d3e70","codename":"textarea","name":"textarea"}],"name":"Type","guidelines":"Input types: https://www.w3schools.com/html/html_form_input_types.asp","is_required":true,"type":"multiple_choice","id":"0ae047be-b843-4e6c-b573-9229e749e8bf","codename":"type"},{"maximum_text_length":null,"name":"Default Value","guidelines":null,"is_required":false,"type":"text","id":"982af13e-0401-46a3-9fa9-17ea50c81f3b","codename":"default_value"},{"mode":"multiple","options":[{"id":"520800ff-5f3d-4132-81ab-198fe7409605","codename":"required","name":"Required"}],"name":"Configuration","guidelines":null,"is_required":false,"type":"multiple_choice","id":"927038be-b6be-424c-ad17-e218965dd65e","codename":"configuration"}]},{"id":"ebe2998d-9002-4256-b437-8f164d94fd8d","codename":"homepage","last_modified":"2021-03-25T13:14:27.9791277Z","name":"Homepage","content_groups":[{"id":"5c5f3b63-a87a-45be-8a51-b762921e2c0d","name":"Sitemap","codename":"sitemap"},{"id":"e0cdea76-280e-4b6a-ab01-d216aba63ccb","name":"Layout","codename":"layout"},{"id":"11cf2664-e1c6-41ee-9f37-2bb13ab5d3c5","name":"Configuration","codename":"configuration"},{"id":"6b4061a8-623f-46cd-ac68-2ddd752516c5","name":"SEO","codename":"seo"}],"elements":[{"item_count_limit":null,"allowed_content_types":[{"id":"594fe24f-9f5c-428f-81c4-fe80ec8edb76"}],"name":"Subpages","guidelines":null,"is_required":false,"type":"modular_content","id":"eee6314e-4e0e-41c4-8c66-816e41e5871b","codename":"subpages","content_group":{"id":"5c5f3b63-a87a-45be-8a51-b762921e2c0d"}},{"item_count_limit":{"value":1,"condition":"exactly"},"allowed_content_types":[{"id":"b46ddae3-b558-47e4-b290-c9d6a9714422"},{"id":"b9ade902-7204-4456-b337-6f2954f3fe5c"}],"name":"Content","guidelines":null,"is_required":false,"type":"modular_content","id":"7d1acd40-e79e-4f24-b0fb-c33e6954f984","codename":"content","content_group":{"id":"5c5f3b63-a87a-45be-8a51-b762921e2c0d"}},{"maximum_text_length":null,"name":"Label","guidelines":null,"is_required":true,"type":"text","id":"ac5abaeb-226d-45f3-ae2c-ae9f3776d3f5","codename":"label","content_group":{"id":"e0cdea76-280e-4b6a-ab01-d216aba63ccb"}},{"asset_count_limit":{"value":1,"condition":"at_most"},"maximum_file_size":null,"allowed_file_types":"any","image_width_limit":null,"image_height_limit":null,"name":"Header Logo","guidelines":null,"is_required":false,"type":"asset","id":"7815e582-cda3-4b9f-94cc-73df5ea09cac","codename":"header_logo","content_group":{"id":"e0cdea76-280e-4b6a-ab01-d216aba63ccb"}},{"item_count_limit":{"value":1,"condition":"exactly"},"allowed_content_types":[{"id":"7f75eb10-417d-44ec-aa5b-bb48bc27d0f6"}],"name":"Main Menu","guidelines":null,"is_required":false,"type":"modular_content","id":"1b332fc1-be94-4a54-9b01-864a9f551be6","codename":"main_menu","content_group":{"id":"e0cdea76-280e-4b6a-ab01-d216aba63ccb"}},{"item_count_limit":null,"allowed_content_types":[{"id":"e4cd140c-60c6-4405-803a-09304dd4b28d"},{"id":"d1d5627b-15fa-4399-8d93-500e3ec18b39"},{"id":"7f75eb10-417d-44ec-aa5b-bb48bc27d0f6"}],"name":"Footer sections","guidelines":null,"is_required":false,"type":"modular_content","id":"3c9c9b2a-7b81-4ccb-ac17-e2ddb9e78aa3","codename":"footer_sections","content_group":{"id":"e0cdea76-280e-4b6a-ab01-d216aba63ccb"}},{"maximum_text_length":null,"maximum_image_size":null,"allowed_content_types":[],"image_width_limit":null,"image_height_limit":null,"allowed_image_types":"any","allowed_blocks":["text"],"allowed_formatting":[],"allowed_text_blocks":["paragraph"],"allowed_table_blocks":[],"allowed_table_formatting":[],"allowed_table_text_blocks":[],"name":"Copyright","guidelines":null,"is_required":false,"type":"rich_text","id":"382862fe-ad30-4df3-9a0f-00b80ce1e0f2","codename":"copyright","content_group":{"id":"e0cdea76-280e-4b6a-ab01-d216aba63ccb"}},{"maximum_text_length":null,"name":"Title","guidelines":null,"is_required":false,"type":"text","id":"5f90f87f-c340-4021-a7ae-bdd77b2a26ab","codename":"title","content_group":{"id":"11cf2664-e1c6-41ee-9f37-2bb13ab5d3c5"}},{"mode":"single","options":[{"id":"8ba25c22-b26a-40fe-af29-7c841ad6ceea","codename":"system_sans","name":"System Sans"},{"id":"aceae8c5-767c-44a5-851a-e17956a2100e","codename":"nunito_sans","name":"Nunito Sans"},{"id":"a3c8f43b-44df-459f-8230-d7933e107432","codename":"fira_sans","name":"Fira Sans"}],"name":"Font","guidelines":null,"is_required":true,"type":"multiple_choice","id":"a1bf9e45-5e11-42e4-aa2b-3293939986e0","codename":"font","content_group":{"id":"11cf2664-e1c6-41ee-9f37-2bb13ab5d3c5"}},{"asset_count_limit":{"value":1,"condition":"at_most"},"maximum_file_size":null,"allowed_file_types":"any","image_width_limit":null,"image_height_limit":null,"name":"Favicon","guidelines":null,"is_required":false,"type":"asset","id":"ee59ace7-40f9-4ab7-b67d-4c88bc6ae8f7","codename":"favicon","content_group":{"id":"11cf2664-e1c6-41ee-9f37-2bb13ab5d3c5"}},{"mode":"single","options":[{"id":"57416b37-094a-4e3e-8a1c-c5c4086bfc3f","codename":"default","name":"Default"},{"id":"e5f994e9-c576-4b5a-8a83-c4c7b0e4866c","codename":"blue","name":"Blue"},{"id":"0f40b9e3-488b-4fdc-a398-2ac5c2610289","codename":"cyan","name":"Cyan"},{"id":"897992d7-1b9d-4d4e-b93e-d98eedd6b2a7","codename":"green","name":"Green"},{"id":"6aa196c8-374d-4bfe-995d-c10c7022b01f","codename":"purple","name":"Purple"}],"name":"Palette","guidelines":null,"is_required":true,"type":"multiple_choice","id":"57dea6b0-351c-4f5a-a60f-fcf2d99b5389","codename":"palette","content_group":{"id":"11cf2664-e1c6-41ee-9f37-2bb13ab5d3c5"}},{"snippet":{"id":"cd4f247c-c04c-4336-8ddb-8760cf53dd0b"},"type":"snippet","id":"d2ab9e95-be28-4d1f-8825-eb420b875cba","codename":"seo","content_group":{"id":"6b4061a8-623f-46cd-ac68-2ddd752516c5"}}]},{"id":"701e740a-f58d-4372-87b5-49f6777ccf87","codename":"contact_section","last_modified":"2021-02-17T19:47:17.8632749Z","name":"Contact Section","content_groups":[],"elements":[{"maximum_text_length":null,"name":"Title","guidelines":null,"is_required":false,"type":"text","id":"8cd23aa8-5d6e-4680-8029-2675681254ee","codename":"title"},{"maximum_text_length":null,"maximum_image_size":null,"allowed_content_types":[],"image_width_limit":null,"image_height_limit":null,"allowed_image_types":"any","allowed_blocks":["text","tables","images"],"allowed_formatting":[],"allowed_text_blocks":[],"allowed_table_blocks":[],"allowed_table_formatting":[],"allowed_table_text_blocks":[],"name":"Subtitle","guidelines":null,"is_required":false,"type":"rich_text","id":"9906128a-82f6-4ee4-8817-bfe2f4d5c080","codename":"subtitle"},{"maximum_text_length":null,"maximum_image_size":null,"allowed_content_types":[],"image_width_limit":null,"image_height_limit":null,"allowed_image_types":"any","allowed_blocks":[],"allowed_formatting":[],"allowed_text_blocks":[],"allowed_table_blocks":[],"allowed_table_formatting":[],"allowed_table_text_blocks":[],"name":"Content","guidelines":null,"is_required":false,"type":"rich_text","id":"18200e48-ee9c-478b-979a-794fde4dfe0b","codename":"content"},{"item_count_limit":{"value":1,"condition":"exactly"},"allowed_content_types":[{"id":"d1d5627b-15fa-4399-8d93-500e3ec18b39"}],"name":"Form","guidelines":null,"is_required":true,"type":"modular_content","id":"0e3bf54f-9e45-4366-8236-8731eb5f02a2","codename":"form"},{"mode":"multiple","options":[{"id":"87808d12-60a0-4cd0-9278-dab02034d6c9","codename":"highlight","name":"Highlight"}],"name":"Options","guidelines":null,"is_required":false,"type":"multiple_choice","id":"0a609f93-1668-4a33-832d-d27333b42196","codename":"options"}]},{"id":"41a9600d-f51d-41c2-a7a5-4a113ae6d362","codename":"hero_section","last_modified":"2021-02-09T08:29:45.2822735Z","name":"Hero Section","content_groups":[],"elements":[{"maximum_text_length":null,"name":"Title","guidelines":null,"is_required":false,"type":"text","id":"73e31b75-c9c0-4116-886c-1c2fc3b7d999","codename":"title"},{"asset_count_limit":null,"maximum_file_size":null,"allowed_file_types":"any","image_width_limit":null,"image_height_limit":null,"name":"Image","guidelines":null,"is_required":false,"type":"asset","id":"fe668722-610e-4bfc-9109-f1f5b1bd9016","codename":"image"},{"maximum_text_length":null,"name":"Content","guidelines":null,"is_required":false,"type":"text","id":"cdfb80ca-fecb-497b-879c-206c12a4a16e","codename":"content"},{"item_count_limit":null,"allowed_content_types":[{"id":"c2cb7564-a52d-4f76-b189-3fa40b62f7d6"}],"name":"Actions","guidelines":null,"is_required":false,"type":"modular_content","id":"44997e5b-efee-4480-82dc-06712b63fcbb","codename":"actions"}]},{"id":"b9ade902-7204-4456-b337-6f2954f3fe5c","codename":"simple_page","last_modified":"2021-02-19T10:30:12.5995078Z","name":"Simple page","content_groups":[{"id":"98b75756-71de-4a4d-8c0b-56b153ae0707","name":"Content","codename":"content"}],"elements":[{"maximum_text_length":null,"name":"Title","guidelines":null,"is_required":false,"type":"text","id":"2c371b38-5178-4a61-9439-ce454f7610ae","codename":"title","content_group":{"id":"98b75756-71de-4a4d-8c0b-56b153ae0707"}},{"maximum_text_length":null,"name":"Subtitle","guidelines":null,"is_required":false,"type":"text","id":"919bedf4-9258-486f-9fa8-69fa880d33a5","codename":"subtitle","content_group":{"id":"98b75756-71de-4a4d-8c0b-56b153ae0707"}},{"asset_count_limit":{"value":1,"condition":"at_most"},"maximum_file_size":null,"allowed_file_types":"any","image_width_limit":null,"image_height_limit":null,"name":"Image","guidelines":null,"is_required":false,"type":"asset","id":"b9a507de-2713-476f-bfc3-afe301596468","codename":"image","content_group":{"id":"98b75756-71de-4a4d-8c0b-56b153ae0707"}},{"maximum_text_length":null,"maximum_image_size":null,"allowed_content_types":[],"image_width_limit":null,"image_height_limit":null,"allowed_image_types":"any","allowed_blocks":[],"allowed_formatting":[],"allowed_text_blocks":[],"allowed_table_blocks":[],"allowed_table_formatting":[],"allowed_table_text_blocks":[],"name":"Content","guidelines":null,"is_required":false,"type":"rich_text","id":"8b2d7ece-4a93-4e7a-a910-268a0fe96f28","codename":"content","content_group":{"id":"98b75756-71de-4a4d-8c0b-56b153ae0707"}}]}]